------------------ ----------------------------------------------------------------- ------ ------ ------ ------ -------- -------- ------ ------ ------ ------------- ---------- ------ ------- ------ -------- -------- ------- ------- -------- ------- ------ ------ ------ ------ ------ ------ ------ ------ ------ ------ ------ ------ ------ ------ ------ ------ ------ ------ ------ ------ ------ ------ ------ ------ ------ ------ ------ ------ ------ ------ ------ ------ ------ ------ ------ ------ ------ ------ ------ ------ ------ ------ ------
Kernel Name        tq4_decode_stage1_v2                                                                                                                                                                                                                                                                                                                                                                                                                                                                                                                               
------------------ ----------------------------------------------------------------- ------ ------ ------ ------ -------- -------- ------ ------ ------ ------------- ---------- ------ ------- ------ -------- -------- ------- ------- -------- ------- ------ ------ ------ ------ ------ ------ ------ ------ ------ ------ ------ ------ ------ ------ ------ ------ ------ ------ ------ ------ ------ ------ ------ ------ ------ ------ ------ ------ ------ ------ ------ ------ ------ ------ ------ ------ ------ ------ ------ ------ ------ ------ ------
Address            Source                                                            Warp S Warp S # Samp Instru Thread   Predic   Avg. T Avg. P Diverg Addres        Access     Access L1 Tag  L1 Con L1 Wav   L1 Wav   L1 Wav  L2 The  L2 The   L2 The  L2 Exp L2 Exp L2 Exp L2 Exp L2 Exp L2 Exp L2 Exp stall_ stall_ stall_ stall_ stall_ stall_ stall_ stall_ stall_ stall_ stall_ stall_ stall_ stall_ stall_ stall_ stall_ stall_ stall_ stall_ stall_ stall_ stall_ stall_ stall_ stall_ stall_ stall_ stall_ stall_ stall_ stall_ stall_ stall_ stall_ stall_
                                                                                     tall S tall S les    ctions  Instr   ated-O   hreads redica ent Br s Spac         Opera      Size   Reque  flicts efront   efront   efront  oretic  oretic   oretic  licit  licit  licit  licit  licit  licit  licit  barrie branch dispat drain  imc    lg     long_s math   membar mio    misc   no_ins not_se select short_ sleep  tex    wait   barrie branch dispat drain  imc (N lg (No long_s math ( membar mio (N misc ( no_ins not_se select short_ sleepi tex (N wait (
                                                                                     amplin amplin         Execu uction   n Thre    Execu ted-On anches e             tion              sts Gl   Share s Shar   s Shar   s Shar  al Sec  al Sec   al Sec  Evict  Hit Po Hit Po Hit Po Hit Po Miss P Miss P r      _resol ch                          b                                  t      lected ed     sb                          r (Not _resol ch (No (Not I ot Iss t Issu b (Not Not Is  (Not  ot Iss Not Is t (Not lected ed (No sb (No ng (No ot Iss Not Is
                                                                                     g (All g (Not        ted    s Exec   ad Ins   ted     Threa                                        obal    d N-Wa ed Exc   ed       ed Ide  tors G  tors G   tors G  Polici licy E licy E licy E licy E olicy  olicy         ving                                                                                                                    Issue ving ( t Issu ssued) ued)   ed)     Issue sued)  Issued ued)   sued)   Issue  (Not  t Issu t Issu t Issu ued)   sued) 
                                                                                      Sampl -issue               uted     tructi          ds Exe                                                y      essive            al      lobal   lobal    lobal   es     vict F vict L vict N vict N Evict  Evict                                                                                                                                d)     Not Is ed)                         d)            )                    d)     Issued ed)    ed)    ed)                 
                                                                                     es)    d Samp                        ons Ex          cuted                                                                                  Excess           Ideal          irst   ast    ormal  ormal  First  Normal                                                                                                                                      sued)                                                                        )                                        
                                                                                            les)                          ecuted                                                                                                 ive                                                  Demote                                                                                                                                                                                                                                                                          
0x7b2005279f00           IMAD.MOV.U32 R1, RZ, RZ, c[0x0][0x28]                       138    115    138    65536  2097152  2097152  32     32     0      -             -          -      0       0      0        0        0       0       0        0       -      0      0      0      0      0      0      0      0      0      0      82     0      0      3      0      0      0      51     2      0      0      0      0      0      0      0      0      0      78     0      0      0      0      0      0      37     0      0      0      0      0      0     
0x7b2005279f10           S2UR UR8, SR_CTAID.X                                        5      1      5      65536  2097152  2097152  32     32     0      -             -          -      0       0      0        0        0       0       0        0       -      0      0      0      0      0      0      0      0      0      0      0      0      0      0      0      0      0      0      0      3      0      0      0      2      0      0      0      0      0      0      0      0      0      0      0      0      0      0      0      0      0      1     
0x7b2005279f20           ULDC.64 UR4, c[0x0][0x180]                                  4      0      4      65536  2097152  2097152  32     32     0      -             -          -      0       0      0        0        0       0       0        0       -      0      0      0      0      0      0      0      0      0      0      0      0      0      0      0      0      0      0      0      4      0      0      0      0      0      0      0      0      0      0      0      0      0      0      0      0      0      0      0      0      0      0     
0x7b2005279f30           ULDC.64 UR18, c[0x0][0x118]                                 7      2      7      65536  2097152  2097152  32     32     0      -             -          -      0       0      0        0        0       0       0        0       -      0      0      0      0      0      0      0      0      0      0      0      0      0      0      0      0      0      0      2      3      0      0      0      2      0      0      0      0      0      0      0      0      0      0      0      0      0      0      0      0      0      2     
0x7b2005279f40           ULEA UR4, UP0, UR8, UR4, 0x2                                109    63     109    65536  2097152  2097152  32     32     0      -             -          -      0       0      0        0        0       0       0        0       -      0      0      0      0      0      0      0      0      0      0      0      0      0      0      0      0      0      0      8      3      97     0      0      1      0      0      0      0      0      0      0      0      0      0      0      0      0      0      62     0      0      1     
0x7b2005279f50           ULEA.HI.X UR5, UR8, UR5, URZ, 0x2, UP0                      15     6      15     65536  2097152  2097152  32     32     0      -             -          -      0       0      0        0        0       0       0        0       -      0      0      0      0      0      0      0      0      1      0      0      0      0      0      0      0      0      0      1      4      0      0      0      9      0      0      0      0      0      0      0      0      0      0      0      0      0      0      0      0      0      6     
0x7b2005279f60           IMAD.U32 R2, RZ, RZ, UR4                                    8      2      8      65536  2097152  2097152  32     32     0      -             -          -      0       0      0        0        0       0       0        0       -      0      0      0      0      0      0      0      0      0      0      0      0      0      0      0      0      0      0      1      4      0      0      0      3      0      0      0      0      0      0      0      0      0      0      0      0      0      0      0      0      0      2     
0x7b2005279f70           IMAD.U32 R3, RZ, RZ, UR5                                    8      2      8      65536  2097152  2097152  32     32     0      -             -          -      0       0      0        0        0       0       0        0       -      0      0      0      0      0      0      0      0      0      0      0      0      0      1      0      0      0      0      1      3      0      0      0      3      0      0      0      0      0      0      0      0      0      0      0      0      0      0      0      0      0      2     
0x7b2005279f80           LDG.E R2, [R2.64]                                           484    439    484    65536  2097152  2097152  32     32     0      Global        Load       32     65536   0      0        0        0       0       65536    65536          0      0      0      0      0      0      0      0      0      0      0      97     0      0      0      353    0      0      14     2      0      0      0      18     0      0      0      0      0      91     0      0      0      332    0      0      0      0      0      0      0      16    
0x7b2005279f90           S2UR UR9, SR_CTAID.Z                                        3      0      3      65536  2097152  2097152  32     32     0      -             -          -      0       0      0        0        0       0       0        0       -      0      0      0      0      0      0      0      0      0      0      0      0      0      0      0      0      0      0      0      3      0      0      0      0      0      0      0      0      0      0      0      0      0      0      0      0      0      0      0      0      0      0     
0x7b2005279fa0           R2UR UR4, R2                                                1322   1059   1322   65536  2097152  2097152  32     32     0      -             -          -      0       0      0        0        0       0       0        0       -      0      0      0      0      0      0      0      0      1      0      0      0      1294   0      0      0      0      0      2      3      0      0      0      22     0      0      0      0      0      0      1041   0      0      0      0      0      0      0      0      0      0      18    
0x7b2005279fb0           UIADD3 UR5, UR4, 0x1f, URZ                                  150    98     150    65536  2097152  2097152  32     32     0      -             -          -      0       0      0        0        0       0       0        0       -      0      0      0      0      0      0      0      0      0      0      0      0      0      0      0      0      0      0      3      3      143    0      0      1      0      0      0      0      0      0      0      0      0      0      0      0      0      0      98     0      0      0     
0x7b2005279fc0           USHF.R.S32.HI UR6, URZ, 0x1f, UR5                           16     5      16     65536  2097152  2097152  32     32     0      -             -          -      0       0      0        0        0       0       0        0       -      0      0      0      0      0      0      0      0      0      0      0      0      0      0      0      0      0      0      4      4      0      0      0      8      0      0      0      0      0      0      0      0      0      0      0      0      0      0      0      0      0      5     
0x7b2005279fd0           ULEA.HI UR6, UR6, UR5, URZ, 0x5                             12     9      12     65536  2097152  2097152  32     32     0      -             -          -      0       0      0        0        0       0       0        0       -      0      0      0      0      0      0      0      0      0      0      0      0      0      0      0      0      0      0      1      0      0      0      0      11     0      0      0      0      0      0      0      0      0      0      0      0      0      0      0      0      0      9     
0x7b2005279fe0           USHF.R.S32.HI UR6, URZ, 0x5, UR6                            20     10     20     65536  2097152  2097152  32     32     0      -             -          -      0       0      0        0        0       0       0        0       -      0      0      0      0      0      0      0      0      0      0      0      0      0      0      0      0      0      0      3      4      0      0      0      13     0      0      0      0      0      0      0      0      0      0      0      0      0      0      0      0      0      10    
0x7b2005279ff0           UIMAD UR5, UR6, UR9, URZ                                    20     7      20     65536  2097152  2097152  32     32     0      -             -          -      0       0      0        0        0       0       0        0       -      0      0      0      0      0      0      0      0      0      0      0      0      0      1      0      0      0      0      1      5      0      0      0      13     0      0      0      0      0      0      0      0      0      0      0      0      0      0      0      0      0      7     
0x7b200527a000           UIADD3 UR6, UR6, UR5, URZ                                   15     5      15     65536  2097152  2097152  32     32     0      -             -          -      0       0      0        0        0       0       0        0       -      0      0      0      0      0      0      0      0      0      0      0      0      0      0      0      0      0      0      2      2      0      0      0      11     0      0      0      0      0      0      0      0      0      0      0      0      0      0      0      0      0      5     
0x7b200527a010           UISETP.LT.AND UP0, UPT, UR4, UR6, UPT                       12     5      12     65536  2097152  2097152  32     32     0      -             -          -      0       0      0        0        0       0       0        0       -      0      0      0      0      0      0      0      0      0      0      0      0      0      0      0      0      0      0      2      0      0      0      0      10     0      0      0      0      0      0      0      0      0      0      0      0      0      0      0      0      0      5     
0x7b200527a020           USEL UR6, UR4, UR6, UP0                                     16     8      16     65536  2097152  2097152  32     32     0      -             -          -      0       0      0        0        0       0       0        0       -      0      0      0      0      0      0      0      0      0      0      0      0      0      0      0      0      0      0      0      4      0      0      0      12     0      0      0      0      0      0      0      0      0      0      0      0      0      0      0      0      0      8     
0x7b200527a030           UISETP.GE.AND UP0, UPT, UR5, UR6, UPT                       14     3      14     65536  2097152  2097152  32     32     0      -             -          -      0       0      0        0        0       0       0        0       -      0      0      0      0      0      0      0      0      0      0      0      0      0      0      0      0      0      0      3      5      0      0      0      6      0      0      0      0      0      0      0      0      0      0      0      0      0      0      0      0      0      3     
0x7b200527a040           PLOP3.LUT P0, PT, PT, PT, UP0, 0x80, 0x0                    34     7      34     65536  2097152  2097152  32     32     0      -             -          -      0       0      0        0        0       0       0        0       -      0      0      0      0      0      0      0      0      1      0      0      0      0      11     0      0      0      0      12     2      0      0      0      8      0      0      0      0      0      0      0      2      0      0      0      0      0      0      0      0      0      5     
0x7b200527a050     @P0   EXIT                                                        50     30     50     65536  2097152  0        32     0      0      -             -          -      0       0      0        0        0       0       0        0       -      0      0      0      0      0      0      0      0      0      0      0      0      0      0      0      0      0      0      2      5      0      0      0      43     0      0      0      0      0      0      0      0      0      0      0      0      0      0      0      0      0      30    
0x7b200527a060           S2R R67, SR_TID.X                                           309    274    309    65536  2097152  2097152  32     32     0      -             -          -      0       0      0        0        0       0       0        0       -      0      0      0      0      0      0      0      0      0      0      0      0      0      0      0      285    0      0      15     2      0      0      0      7      0      0      0      0      0      0      0      0      0      269    0      0      0      0      0      0      0      5     
0x7b200527a070           UMOV UR7, UR5                                               1      0      1      65536  2097152  2097152  32     32     0      -             -          -      0       0      0        0        0       0       0        0       -      0      0      0      0      0      0      0      0      0      0      0      0      0      0      0      0      0      0      0      1      0      0      0      0      0      0      0      0      0      0      0      0      0      0      0      0      0      0      0      0      0      0     
0x7b200527a080           IMAD.MOV.U32 R6, RZ, RZ, RZ                                 1      0      1      65536  2097152  2097152  32     32     0      -             -          -      0       0      0        0        0       0       0        0       -      0      0      0      0      0      0      0      0      0      0      0      0      0      0      0      0      0      0      0      1      0      0      0      0      0      0      0      0      0      0      0      0      0      0      0      0      0      0      0      0      0      0     
0x7b200527a090           ULDC.64 UR14, c[0x0][0x1a8]                                 1      0      1      65536  2097152  2097152  32     32     0      -             -          -      0       0      0        0        0       0       0        0       -      0      0      0      0      0      0      0      0      0      0      0      0      0      0      0      0      0      0      0      1      0      0      0      0      0      0      0      0      0      0      0      0      0      0      0      0      0      0      0      0      0      0     
0x7b200527a0a0           UIMAD UR4, UR8, UR15, URZ                                   10     2      10     65536  2097152  2097152  32     32     0      -             -          -      0       0      0        0        0       0       0        0       -      0      0      0      0      0      0      0      0      0      0      0      0      0      0      0      0      0      0      2      3      0      0      0      5      0      0      0      0      0      0      0      0      0      0      0      0      0      0      0      0      0      2     
0x7b200527a0b0           ULDC.64 UR12, c[0x0][0x178]                                 2      0      2      65536  2097152  2097152  32     32     0      -             -          -      0       0      0        0        0       0       0        0       -      0      0      0      0      0      0      0      0      0      0      0      0      0      0      0      0      0      0      0      1      0      0      0      1      0      0      0      0      0      0      0      0      0      0      0      0      0      0      0      0      0      0     
0x7b200527a0c0           ULEA UR12, UP0, UR4, UR12, 0x2                              11     2      11     65536  2097152  2097152  32     32     0      -             -          -      0       0      0        0        0       0       0        0       -      0      0      0      0      0      0      0      0      1      0      0      0      0      0      0      0      0      0      3      5      0      0      0      2      0      0      1      0      0      0      0      0      0      0      0      0      0      0      0      0      0      1     
0x7b200527a0d0           S2UR UR10, SR_CTAID.Y                                       3      0      3      65536  2097152  2097152  32     32     0      -             -          -      0       0      0        0        0       0       0        0       -      0      0      0      0      0      0      0      0      0      0      0      0      0      0      0      0      0      0      0      3      0      0      0      0      0      0      0      0      0      0      0      0      0      0      0      0      0      0      0      0      0      0     
0x7b200527a0e0           PRMT R15, RZ, 0x7610, R15                                   1      0      1      65536  2097152  2097152  32     32     0      -             -          -      0       0      0        0        0       0       0        0       -      0      0      0      0      0      0      0      0      0      0      0      0      0      0      0      0      0      0      0      1      0      0      0      0      0      0      0      0      0      0      0      0      0      0      0      0      0      0      0      0      0      0     
0x7b200527a0f0           ULDC.64 UR16, c[0x0][0x170]                                 5      0      5      65536  2097152  2097152  32     32     0      -             -          -      0       0      0        0        0       0       0        0       -      0      0      0      0      0      0      0      0      0      0      0      0      0      0      0      0      0      0      0      5      0      0      0      0      0      0      0      0      0      0      0      0      0      0      0      0      0      0      0      0      0      0     
0x7b200527a100           ULEA.HI.X.SX32 UR13, UR4, UR13, 0x2, UP0                    14     3      14     65536  2097152  2097152  32     32     0      -             -          -      0       0      0        0        0       0       0        0       -      0      0      0      0      0      0      0      0      0      0      0      0      0      0      0      0      0      0      4      3      0      0      0      7      0      0      0      0      0      0      0      0      0      0      0      0      0      0      0      0      0      3     
0x7b200527a110           SHF.R.U32.HI R0, RZ, 0x3, R67                               470    360    470    65536  2097152  2097152  32     32     0      -             -          -      0       0      0        0        0       0       0        0       -      0      0      0      0      0      0      0      0      1      0      0      0      0      10     0      0      0      0      12     2      445    0      0      0      0      0      1      0      0      0      0      6      0      0      0      0      0      0      353    0      0      0     
0x7b200527a120           SGXT.U32 R2, R0, 0x4                                        22     9      22     65536  2097152  2097152  32     32     0      -             -          -      0       0      0        0        0       0       0        0       -      0      0      0      0      0      0      0      0      1      0      0      0      0      8      0      0      0      0      4      2      0      0      0      7      0      0      1      0      0      0      0      3      0      0      0      0      0      0      0      0      0      5     
0x7b200527a130           IADD3 R0, R2, UR7, RZ                                       17     12     17     65536  2097152  2097152  32     32     0      -             -          -      0       0      0        0        0       0       0        0       -      0      0      0      0      0      0      0      0      0      0      0      0      0      5      0      0      0      0      2      1      0      0      0      9      0      0      0      0      0      0      0      3      0      0      0      0      0      0      0      0      0      9     
0x7b200527a140           SHF.R.S32.HI R3, RZ, 0x1f, R0                               23     11     23     65536  2097152  2097152  32     32     0      -             -          -      0       0      0        0        0       0       0        0       -      0      0      0      0      0      0      0      0      0      0      0      0      0      2      0      0      0      0      2      6      0      0      0      13     0      0      0      0      0      0      0      2      0      0      0      0      0      0      0      0      0      9     
0x7b200527a150           ISETP.GE.AND P0, PT, R0, UR6, PT                            6      3      6      65536  2097152  2097152  32     32     0      -             -          -      0       0      0        0        0       0       0        0       -      0      0      0      0      0      0      0      0      0      0      0      0      0      0      0      0      0      0      0      3      0      0      0      3      0      0      0      0      0      0      0      0      0      0      0      0      0      0      0      0      0      3     
0x7b200527a160           LEA.HI R3, R3, R0, RZ, 0x4                                  3      1      3      65536  2097152  2097152  32     32     0      -             -          -      0       0      0        0        0       0       0        0       -      0      0      0      0      0      0      0      0      0      0      0      0      0      0      0      0      0      0      0      2      0      0      0      1      0      0      0      0      0      0      0      0      0      0      0      0      0      0      0      0      0      1     
0x7b200527a170           SHF.R.S32.HI R2, RZ, 0x4, R3                                20     6      20     65536  2097152  2097152  32     32     0      -             -          -      0       0      0        0        0       0       0        0       -      0      0      0      0      0      0      0      0      0      0      0      0      0      7      0      0      0      0      3      3      0      0      0      7      0      0      0      0      0      0      0      1      0      0      0      0      0      0      0      0      0      5     
0x7b200527a180           LEA R4, P1, R2, UR12, 0x2                                   15     12     15     65536  2097152  2097152  32     32     0      -             -          -      0       0      0        0        0       0       0        0       -      0      0      0      0      0      0      0      0      0      0      0      0      0      2      0      0      0      0      0      0      0      0      0      13     0      0      0      0      0      0      0      0      0      0      0      0      0      0      0      0      0      12    
0x7b200527a190           LEA.HI.X.SX32 R5, R2, UR13, 0x2, P1                         15     5      15     65536  2097152  2097152  32     32     0      -             -          -      0       0      0        0        0       0       0        0       -      0      0      0      0      0      0      0      0      0      0      0      0      0      1      0      0      0      0      4      2      0      0      0      8      0      0      0      0      0      0      0      0      0      0      0      0      0      0      0      0      0      5     
0x7b200527a1a0     @!P0  LDG.E R6, [R4.64]                                           412    360    412    65536  2097152  2097152  32     32     0      Global        Load       32     65536   0      0        0        0       0       65536    65536          0      0      0      0      0      0      0      0      1      0      0      71     0      0      0      313    0      0      15     4      0      0      0      8      0      0      0      0      0      66     0      0      0      287    0      0      0      0      0      0      0      7     
0x7b200527a1b0           LOP3.LUT R3, R3, 0xfffffff0, RZ, 0xc0, !PT                  4      0      4      65536  2097152  2097152  32     32     0      -             -          -      0       0      0        0        0       0       0        0       -      0      0      0      0      0      0      0      0      0      0      0      0      0      0      0      0      0      0      0      4      0      0      0      0      0      0      0      0      0      0      0      0      0      0      0      0      0      0      0      0      0      0     
0x7b200527a1c0           IMAD.U32 R7, RZ, RZ, UR10                                   1      0      1      65536  2097152  2097152  32     32     0      -             -          -      0       0      0        0        0       0       0        0       -      0      0      0      0      0      0      0      0      1      0      0      0      0      0      0      0      0      0      0      0      0      0      0      0      0      0      0      0      0      0      0      0      0      0      0      0      0      0      0      0      0      0     
0x7b200527a1d0           SHF.R.U32.HI R10, RZ, 0x5, R67                              3      0      3      65536  2097152  2097152  32     32     0      -             -          -      0       0      0        0        0       0       0        0       -      0      0      0      0      0      0      0      0      0      0      0      0      0      0      0      0      0      0      0      3      0      0      0      0      0      0      0      0      0      0      0      0      0      0      0      0      0      0      0      0      0      0     
0x7b200527a1e0           USHF.L.U32 UR4, UR10, 0x2, URZ                              6      0      6      65536  2097152  2097152  32     32     0      -             -          -      0       0      0        0        0       0       0        0       -      0      0      0      0      0      0      0      0      1      0      0      0      0      0      0      0      0      0      0      5      0      0      0      0      0      0      0      0      0      0      0      0      0      0      0      0      0      0      0      0      0      0     
0x7b200527a1f0           PLOP3.LUT P0, PT, P0, PT, PT, 0x8, 0x0                      4      0      4      65536  2097152  2097152  32     32     0      -             -          -      0       0      0        0        0       0       0        0       -      0      0      0      0      0      0      0      0      0      0      0      0      0      0      0      0      0      0      0      4      0      0      0      0      0      0      0      0      0      0      0      0      0      0      0      0      0      0      0      0      0      0     
0x7b200527a200           IMAD.IADD R3, R0, 0x1, -R3                                  2      0      2      65536  2097152  2097152  32     32     0      -             -          -      0       0      0        0        0       0       0        0       -      0      0      0      0      0      0      0      0      0      0      0      0      0      0      0      0      0      0      0      2      0      0      0      0      0      0      0      0      0      0      0      0      0      0      0      0      0      0      0      0      0      0     
0x7b200527a210           SGXT.U32 R10, R10, 0x2                                      2      0      2      65536  2097152  2097152  32     32     0      -             -          -      0       0      0        0        0       0       0        0       -      0      0      0      0      0      0      0      0      0      0      0      0      0      0      0      0      0      0      0      2      0      0      0      0      0      0      0      0      0      0      0      0      0      0      0      0      0      0      0      0      0      0     
0x7b200527a220           IMAD.SHL.U32 R0, R67, 0x4, RZ                               2      0      2      65536  2097152  2097152  32     32     0      -             -          -      0       0      0        0        0       0       0        0       -      0      0      0      0      0      0      0      0      0      0      0      0      0      0      0      0      0      0      0      2      0      0      0      0      0      0      0      0      0      0      0      0      0      0      0      0      0      0      0      0      0      0     
0x7b200527a230           LOP3.LUT R9, R67, 0x7, RZ, 0xc0, !PT                        3      0      3      65536  2097152  2097152  32     32     0      -             -          -      0       0      0        0        0       0       0        0       -      0      0      0      0      0      0      0      0      0      0      0      0      0      0      0      0      0      0      0      3      0      0      0      0      0      0      0      0      0      0      0      0      0      0      0      0      0      0      0      0      0      0     
0x7b200527a240           IMAD.SHL.U32 R2, R3, 0x400, RZ                              5      0      5      65536  2097152  2097152  32     32     0      -             -          -      0       0      0        0        0       0       0        0       -      0      0      0      0      0      0      0      0      0      0      0      0      0      0      0      0      0      0      0      5      0      0      0      0      0      0      0      0      0      0      0      0      0      0      0      0      0      0      0      0      0      0     
0x7b200527a250           PRMT R18, RZ, 0x7610, R18                                   4      0      4      65536  2097152  2097152  32     32     0      -             -          -      0       0      0        0        0       0       0        0       -      0      0      0      0      0      0      0      0      0      0      0      0      0      0      0      0      0      0      0      4      0      0      0      0      0      0      0      0      0      0      0      0      0      0      0      0      0      0      0      0      0      0     
0x7b200527a260           IMAD.HI R3, R3, 0x400, RZ                                   2      0      2      65536  2097152  2097152  32     32     0      -             -          -      0       0      0        0        0       0       0        0       -      0      0      0      0      0      0      0      0      0      0      0      0      0      0      0      0      0      0      0      2      0      0      0      0      0      0      0      0      0      0      0      0      0      0      0      0      0      0      0      0      0      0     
0x7b200527a270           LOP3.LUT R0, R0, 0x7c, RZ, 0xc0, !PT                        3      0      3      65536  2097152  2097152  32     32     0      -             -          -      0       0      0        0        0       0       0        0       -      0      0      0      0      0      0      0      0      0      0      0      0      0      0      0      0      0      0      0      3      0      0      0      0      0      0      0      0      0      0      0      0      0      0      0      0      0      0      0      0      0      0     
0x7b200527a280           PRMT R20, RZ, 0x7610, R20                                   26     6      26     65536  2097152  2097152  32     32     0      -             -          -      0       0      0        0        0       0       0        0       -      0      0      0      0      0      0      0      0      2      0      0      0      0      10     0      0      0      0      9      4      0      0      0      1      0      0      0      0      0      0      0      6      0      0      0      0      0      0      0      0      0      0     
0x7b200527a290           PRMT R22, RZ, 0x7610, R22                                   9      4      9      65536  2097152  2097152  32     32     0      -             -          -      0       0      0        0        0       0       0        0       -      0      0      0      0      0      0      0      0      2      0      0      0      0      0      0      0      0      0      0      1      0      0      0      6      0      0      1      0      0      0      0      0      0      0      0      0      0      0      0      0      0      3     
0x7b200527a2a0           IMAD.WIDE.U32 R2, R7, 0x80, R2                              2      0      2      65536  2097152  2097152  32     32     0      -             -          -      0       0      0        0        0       0       0        0       -      0      0      0      0      0      0      0      0      0      0      0      0      0      0      0      0      0      0      0      2      0      0      0      0      0      0      0      0      0      0      0      0      0      0      0      0      0      0      0      0      0      0     
0x7b200527a2b0           PRMT R17, RZ, 0x7610, R17                                   5      0      5      65536  2097152  2097152  32     32     0      -             -          -      0       0      0        0        0       0       0        0       -      0      0      0      0      0      0      0      0      0      0      0      0      0      0      0      0      0      0      0      5      0      0      0      0      0      0      0      0      0      0      0      0      0      0      0      0      0      0      0      0      0      0     
0x7b200527a2c0           PRMT R19, RZ, 0x7610, R19                                   7      2      7      65536  2097152  2097152  32     32     0      -             -          -      0       0      0        0        0       0       0        0       -      0      0      0      0      0      0      0      0      3      0      0      0      0      0      0      0      0      0      0      2      0      0      0      2      0      0      0      0      0      0      0      0      0      0      0      0      0      0      0      0      0      2     
0x7b200527a2d0           IMAD.U32 R7, RZ, RZ, UR8                                    3      0      3      65536  2097152  2097152  32     32     0      -             -          -      0       0      0        0        0       0       0        0       -      0      0      0      0      0      0      0      0      0      0      0      0      0      0      0      0      0      0      0      3      0      0      0      0      0      0      0      0      0      0      0      0      0      0      0      0      0      0      0      0      0      0     
0x7b200527a2e0           PRMT R21, RZ, 0x7610, R21                                   13     0      13     65536  2097152  2097152  32     32     0      -             -          -      0       0      0        0        0       0       0        0       -      0      0      0      0      0      0      0      0      9      0      0      0      0      0      0      0      0      0      0      4      0      0      0      0      0      0      0      0      0      0      0      0      0      0      0      0      0      0      0      0      0      0     
0x7b200527a2f0           PRMT R23, RZ, 0x7610, R23                                   9      4      9      65536  2097152  2097152  32     32     0      -             -          -      0       0      0        0        0       0       0        0       -      0      0      0      0      0      0      0      0      0      0      0      0      0      1      0      0      0      0      2      1      0      0      0      5      0      0      0      0      0      0      0      0      0      0      0      0      0      0      0      0      0      4     
0x7b200527a300           IMAD R7, R7, c[0x0][0x1a0], R0                              1      0      1      65536  2097152  2097152  32     32     0      -             -          -      0       0      0        0        0       0       0        0       -      0      0      0      0      0      0      0      0      0      0      0      0      0      0      0      0      0      0      0      1      0      0      0      0      0      0      0      0      0      0      0      0      0      0      0      0      0      0      0      0      0      0     
0x7b200527a310           IMAD.WIDE R4, R6, c[0x0][0x1a8], RZ                         901    707    901    65536  2097152  2097152  32     32     0      -             -          -      0       0      0        0        0       0       0        0       -      0      0      0      0      0      0      0      0      2      0      0      0      887    2      0      0      0      0      4      4      0      0      0      2      0      0      1      0      0      0      704    1      0      0      0      0      0      0      0      0      0      1     
0x7b200527a320           LOP3.LUT R6, R10, UR4, RZ, 0xfc, !PT                        0      0      0      65536  2097152  2097152  32     32     0      -             -          -      0       0      0        0        0       0       0        0       -      0      0      0      0      0      0      0      0      0      0      0      0      0      0      0      0      0      0      0      0      0      0      0      0      0      0      0      0      0      0      0      0      0      0      0      0      0      0      0      0      0      0     
0x7b200527a330           IADD3 R51, P1, R2, R4, RZ                                   69     29     69     65536  2097152  2097152  32     32     0      -             -          -      0       0      0        0        0       0       0        0       -      0      0      0      0      0      0      0      0      15     0      0      0      0      15     0      0      0      0      27     1      0      0      0      11     0      0      13     0      0      0      0      9      0      0      0      0      0      0      0      0      0      7     
0x7b200527a340           IMAD R6, R6, c[0x0][0x1a4], R7                              1      0      1      65536  2097152  2097152  32     32     0      -             -          -      0       0      0        0        0       0       0        0       -      0      0      0      0      0      0      0      0      0      0      0      0      0      0      0      0      0      0      0      1      0      0      0      0      0      0      0      0      0      0      0      0      0      0      0      0      0      0      0      0      0      0     
0x7b200527a350           IMAD.X R11, R3, 0x1, R5, P1                                 20     6      20     65536  2097152  2097152  32     32     0      -             -          -      0       0      0        0        0       0       0        0       -      0      0      0      0      0      0      0      0      0      0      0      0      0      3      0      0      0      0      5      6      0      0      0      6      0      0      0      0      0      0      0      0      0      0      0      0      0      0      0      0      0      6     
0x7b200527a360           IADD3 R2, P1, R51, c[0x0][0x168], RZ                        2      0      2      65536  2097152  2097152  32     32     0      -             -          -      0       0      0        0        0       0       0        0       -      0      0      0      0      0      0      0      0      0      0      0      0      0      0      0      0      0      0      0      2      0      0      0      0      0      0      0      0      0      0      0      0      0      0      0      0      0      0      0      0      0      0     
0x7b200527a370           IADD3.X R3, R11, c[0x0][0x16c], RZ, P1, !PT                 26     8      26     65536  2097152  2097152  32     32     0      -             -          -      0       0      0        0        0       0       0        0       -      0      0      0      0      0      0      0      0      1      0      0      0      0      7      0      0      0      0      10     3      0      0      0      5      0      0      0      0      0      0      0      6      0      0      0      0      0      0      0      0      0      2     
0x7b200527a380           LEA R4, P1, R6, c[0x0][0x160], 0x2                          8      3      8      65536  2097152  2097152  32     32     0      -             -          -      0       0      0        0        0       0       0        0       -      0      0      0      0      0      0      0      0      1      0      0      0      0      0      0      0      0      0      0      3      0      0      0      4      0      0      0      0      0      0      0      0      0      0      0      0      0      0      0      0      0      3     
0x7b200527a390           IMAD.WIDE.U32 R12, R9, 0x8, R2                              11     6      11     65536  2097152  2097152  32     32     0      -             -          -      0       0      0        0        0       0       0        0       -      0      0      0      0      0      0      0      0      0      0      0      0      0      0      0      0      0      0      0      3      0      0      0      8      0      0      0      0      0      0      0      0      0      0      0      0      0      0      0      0      0      6     
0x7b200527a3a0           LEA.HI.X.SX32 R5, R6, c[0x0][0x164], 0x2, P1                3      0      3      65536  2097152  2097152  32     32     0      -             -          -      0       0      0        0        0       0       0        0       -      0      0      0      0      0      0      0      0      0      0      0      0      0      0      0      0      0      0      0      3      0      0      0      0      0      0      0      0      0      0      0      0      0      0      0      0      0      0      0      0      0      0     
0x7b200527a3b0     @P0   LDG.E.U8 R15, [R12.64]                                      355    316    355    65536  2097152  2097152  32     32     0      Global        Load       8      262144  0      0        0        0       458752  524288   65536          0      0      0      0      0      0      0      0      4      0      0      56     0      0      0      263    0      0      13     3      0      0      0      16     0      0      2      0      0      49     0      0      0      251    0      0      0      0      0      0      0      14    
0x7b200527a3c0     @P0   LDG.E.U8 R18, [R12.64+0x2]                                  148    123    148    65536  2097152  2097152  32     32     0      Global        Load       8      262144  0      0        0        0       458752  524288   65536          0      0      0      0      0      0      0      0      1      0      0      34     0      0      0      88     0      0      11     1      0      0      0      13     0      0      0      0      0      32     0      0      0      83     0      0      0      0      0      0      0      8     
0x7b200527a3d0     @P0   LDG.E.U8 R20, [R12.64+0x4]                                  163    134    163    65536  2097152  2097152  32     32     0      Global        Load       8      262144  0      0        0        0       458752  524288   65536          0      0      0      0      0      0      0      0      0      0      0      34     0      0      0      105    0      0      12     1      0      0      0      11     0      0      0      0      0      33     0      0      0      98     0      0      0      0      0      0      0      3     
0x7b200527a3e0     @P0   LDG.E.U8 R22, [R12.64+0x6]                                  150    116    150    65536  2097152  2097152  32     32     0      Global        Load       8      262144  0      0        0        0       458752  524288   65536          0      0      0      0      0      0      0      0      1      0      0      34     0      0      0      95     0      0      5      6      0      0      0      9      0      0      0      0      0      28     0      0      0      83     0      0      0      0      0      0      0      5     
0x7b200527a3f0     @P0   LDG.E.U8 R17, [R12.64+0x1]                                  143    125    143    65536  2097152  2097152  32     32     0      Global        Load       8      262144  0      0        0        0       458752  524288   65536          0      0      0      0      0      0      0      0      2      0      0      29     0      0      0      96     0      0      6      4      0      0      0      6      0      0      2      0      0      29     0      0      0      90     0      0      0      0      0      0      0      4     
0x7b200527a400     @P0   LDG.E.U8 R19, [R12.64+0x3]                                  122    103    122    65536  2097152  2097152  32     32     0      Global        Load       8      262144  0      0        0        0       458752  524288   65536          0      0      0      0      0      0      0      0      1      0      0      35     0      0      0      74     0      0      3      4      0      0      0      5      0      0      0      0      0      32     0      0      0      68     0      0      0      0      0      0      0      3     
0x7b200527a410     @P0   LDG.E.U8 R21, [R12.64+0x5]                                  130    104    130    65536  2097152  2097152  32     32     0      Global        Load       8      262144  0      0        0        0       458752  524288   65536          0      0      0      0      0      0      0      0      0      0      0      31     0      0      0      80     0      0      6      2      0      0      0      11     0      0      0      0      0      26     0      0      0      70     0      0      0      0      0      0      0      8     
0x7b200527a420     @P0   LDG.E.U8 R23, [R12.64+0x7]                                  110    80     110    65536  2097152  2097152  32     32     0      Global        Load       8      262144  0      0        0        0       458752  524288   65536          0      0      0      0      0      0      0      0      1      0      0      21     0      0      0      68     0      0      4      7      0      0      0      9      0      0      1      0      0      17     0      0      0      56     0      0      0      0      0      0      0      6     
0x7b200527a430           LDG.E.128 R4, [R4.64]                                       118    89     118    65536  2097152  2097152  32     32     0      Global        Load       128    262144  0      0        0        0       0       1048576  1048576        0      0      0      0      0      0      0      0      1      0      0      18     0      0      0      79     0      0      7      5      0      0      0      8      0      0      0      0      0      16     0      0      0      69     0      0      0      0      0      0      0      4     
0x7b200527a440           LOP3.LUT R2, R67, 0x60, RZ, 0xc0, !PT                       1      0      1      65536  2097152  2097152  32     32     0      -             -          -      0       0      0        0        0       0       0        0       -      0      0      0      0      0      0      0      0      0      0      0      0      0      0      0      0      0      0      0      1      0      0      0      0      0      0      0      0      0      0      0      0      0      0      0      0      0      0      0      0      0      0     
0x7b200527a450           IMAD.SHL.U32 R61, R67, 0x400, RZ                            2      0      2      65536  2097152  2097152  32     32     0      -             -          -      0       0      0        0        0       0       0        0       -      0      0      0      0      0      0      0      0      0      0      0      0      0      0      0      0      0      0      0      2      0      0      0      0      0      0      0      0      0      0      0      0      0      0      0      0      0      0      0      0      0      0     
0x7b200527a460           LOP3.LUT R3, R67, 0x1c, RZ, 0xc0, !PT                       3      0      3      65536  2097152  2097152  32     32     0      -             -          -      0       0      0        0        0       0       0        0       -      0      0      0      0      0      0      0      0      1      0      0      0      0      0      0      0      0      0      0      2      0      0      0      0      0      0      0      0      0      0      0      0      0      0      0      0      0      0      0      0      0      0     
0x7b200527a470           UIMAD.WIDE.U32 UR4, UR10, 0x60, URZ                         4      0      4      65536  2097152  2097152  32     32     0      -             -          -      0       0      0        0        0       0       0        0       -      0      0      0      0      0      0      0      0      0      0      0      0      0      0      0      0      0      0      0      4      0      0      0      0      0      0      0      0      0      0      0      0      0      0      0      0      0      0      0      0      0      0     
0x7b200527a480           LOP3.LUT R14, R67, 0x78, RZ, 0xc0, !PT                      3      0      3      65536  2097152  2097152  32     32     0      -             -          -      0       0      0        0        0       0       0        0       -      0      0      0      0      0      0      0      0      0      0      0      0      0      0      0      0      0      0      0      3      0      0      0      0      0      0      0      0      0      0      0      0      0      0      0      0      0      0      0      0      0      0     
0x7b200527a490           IMAD R24, R9, 0x4, R2                                       3      0      3      65536  2097152  2097152  32     32     0      -             -          -      0       0      0        0        0       0       0        0       -      0      0      0      0      0      0      0      0      0      0      0      0      0      0      0      0      0      0      0      3      0      0      0      0      0      0      0      0      0      0      0      0      0      0      0      0      0      0      0      0      0      0     
0x7b200527a4a0           LOP3.LUT R29, R67, 0x7f, RZ, 0xc0, !PT                      3      0      3      65536  2097152  2097152  32     32     0      -             -          -      0       0      0        0        0       0       0        0       -      0      0      0      0      0      0      0      0      0      0      0      0      0      0      0      0      0      0      0      3      0      0      0      0      0      0      0      0      0      0      0      0      0      0      0      0      0      0      0      0      0      0     
0x7b200527a4b0           IMAD R25, R3, 0x20, R0                                      4      0      4      65536  2097152  2097152  32     32     0      -             -          -      0       0      0        0        0       0       0        0       -      0      0      0      0      0      0      0      0      0      0      0      0      0      0      0      0      0      0      0      4      0      0      0      0      0      0      0      0      0      0      0      0      0      0      0      0      0      0      0      0      0      0     
0x7b200527a4c0           SHF.R.U32.HI R14, RZ, 0x1, R14                              0      0      0      65536  2097152  2097152  32     32     0      -             -          -      0       0      0        0        0       0       0        0       -      0      0      0      0      0      0      0      0      0      0      0      0      0      0      0      0      0      0      0      0      0      0      0      0      0      0      0      0      0      0      0      0      0      0      0      0      0      0      0      0      0      0     
0x7b200527a4d0           IMAD.SHL.U32 R13, R24, 0x4, RZ                              78     45     78     65536  2097152  2097152  32     32     0      -             -          -      0       0      0        0        0       0       0        0       -      0      0      0      0      0      0      0      0      1      0      0      0      61     6      0      0      0      0      8      2      0      0      0      0      0      0      0      0      0      0      43     2      0      0      0      0      0      0      0      0      0      0     
0x7b200527a4e0           F2FP.PACK_AB R8, RZ, RZ                                     5      0      5      65536  2097152  2097152  32     32     0      -             -          -      0       0      0        0        0       0       0        0       -      0      0      0      0      0      0      0      0      0      0      0      0      0      0      0      0      0      0      0      5      0      0      0      0      0      0      0      0      0      0      0      0      0      0      0      0      0      0      0      0      0      0     
0x7b200527a4f0           IMAD.SHL.U32 R16, R29, 0x8, RZ                              5      0      5      65536  2097152  2097152  32     32     0      -             -          -      0       0      0        0        0       0       0        0       -      0      0      0      0      0      0      0      0      0      0      0      0      0      0      0      0      0      0      0      5      0      0      0      0      0      0      0      0      0      0      0      0      0      0      0      0      0      0      0      0      0      0     
0x7b200527a500           LOP3.LUT R0, R25, R10, RZ, 0xfc, !PT                        1      0      1      65536  2097152  2097152  32     32     0      -             -          -      0       0      0        0        0       0       0        0       -      0      0      0      0      0      0      0      0      0      0      0      0      0      0      0      0      0      0      0      1      0      0      0      0      0      0      0      0      0      0      0      0      0      0      0      0      0      0      0      0      0      0     
0x7b200527a510           IMAD.SHL.U32 R60, R29, 0x20, RZ                             2      0      2      65536  2097152  2097152  32     32     0      -             -          -      0       0      0        0        0       0       0        0       -      0      0      0      0      0      0      0      0      0      0      0      0      0      0      0      0      0      0      0      2      0      0      0      0      0      0      0      0      0      0      0      0      0      0      0      0      0      0      0      0      0      0     
0x7b200527a520           LOP3.LUT R54, R13, R14, RZ, 0x3c, !PT                       3      0      3      65536  2097152  2097152  32     32     0      -             -          -      0       0      0        0        0       0       0        0       -      0      0      0      0      0      0      0      0      0      0      0      0      0      0      0      0      0      0      0      3      0      0      0      0      0      0      0      0      0      0      0      0      0      0      0      0      0      0      0      0      0      0     
0x7b200527a530           IMAD.MOV.U32 R26, RZ, RZ, R8                                3      0      3      65536  2097152  2097152  32     32     0      -             -          -      0       0      0        0        0       0       0        0       -      0      0      0      0      0      0      0      0      0      0      0      0      0      0      0      0      0      0      0      3      0      0      0      0      0      0      0      0      0      0      0      0      0      0      0      0      0      0      0      0      0      0     
0x7b200527a540           LOP3.LUT R16, R16, 0x60, R67, 0x78, !PT                     4      0      4      65536  2097152  2097152  32     32     0      -             -          -      0       0      0        0        0       0       0        0       -      0      0      0      0      0      0      0      0      0      0      0      0      0      0      0      0      0      0      0      4      0      0      0      0      0      0      0      0      0      0      0      0      0      0      0      0      0      0      0      0      0      0     
0x7b200527a550           IMAD.MOV.U32 R27, RZ, RZ, R8                                5      0      5      65536  2097152  2097152  32     32     0      -             -          -      0       0      0        0        0       0       0        0       -      0      0      0      0      0      0      0      0      1      0      0      0      0      0      0      0      0      0      0      4      0      0      0      0      0      0      0      0      0      0      0      0      0      0      0      0      0      0      0      0      0      0     
0x7b200527a560           LOP3.LUT R30, R67, 0xf, RZ, 0xc0, !PT                       3      0      3      65536  2097152  2097152  32     32     0      -             -          -      0       0      0        0        0       0       0        0       -      0      0      0      0      0      0      0      0      0      0      0      0      0      0      0      0      0      0      0      3      0      0      0      0      0      0      0      0      0      0      0      0      0      0      0      0      0      0      0      0      0      0     
0x7b200527a570           IMAD.MOV.U32 R9, RZ, RZ, R8                                 4      0      4      65536  2097152  2097152  32     32     0      -             -          -      0       0      0        0        0       0       0        0       -      0      0      0      0      0      0      0      0      0      0      0      0      0      0      0      0      0      0      0      4      0      0      0      0      0      0      0      0      0      0      0      0      0      0      0      0      0      0      0      0      0      0     
0x7b200527a580           LOP3.LUT R59, R67, 0x3, RZ, 0xc0, !PT                       3      0      3      65536  2097152  2097152  32     32     0      -             -          -      0       0      0        0        0       0       0        0       -      0      0      0      0      0      0      0      0      0      0      0      0      0      0      0      0      0      0      1      2      0      0      0      0      0      0      0      0      0      0      0      0      0      0      0      0      0      0      0      0      0      0     
0x7b200527a590           UIADD3 UR11, UP0, UR4, UR16, URZ                            0      0      0      65536  2097152  2097152  32     32     0      -             -          -      0       0      0        0        0       0       0        0       -      0      0      0      0      0      0      0      0      0      0      0      0      0      0      0      0      0      0      0      0      0      0      0      0      0      0      0      0      0      0      0      0      0      0      0      0      0      0      0      0      0      0     
0x7b200527a5a0           STS.64 [R16+0x2800], R26                                    38     27     38     65536  2097152  2097152  32     32     0      Shared        Store      64     0       2      0        131072   131072  0       0        0       -      0      0      0      0      0      0      0      0      0      0      0      0      0      0      0      30     0      0      2      6      0      0      0      0      0      0      0      0      0      0      0      0      0      27     0      0      0      0      0      0      0      0     
0x7b200527a5b0           LOP3.LUT R31, R67, 0x1, RZ, 0xc0, !PT                       2      0      2      65536  2097152  2097152  32     32     0      -             -          -      0       0      0        0        0       0       0        0       -      0      0      0      0      0      0      0      0      0      0      0      0      0      0      0      0      0      0      0      2      0      0      0      0      0      0      0      0      0      0      0      0      0      0      0      0      0      0      0      0      0      0     
0x7b200527a5c0           IMAD.SHL.U32 R64, R30, 0x8, RZ                              1      0      1      65536  2097152  2097152  32     32     0      -             -          -      0       0      0        0        0       0       0        0       -      0      0      0      0      0      0      0      0      0      0      0      0      0      0      0      0      0      0      0      1      0      0      0      0      0      0      0      0      0      0      0      0      0      0      0      0      0      0      0      0      0      0     
0x7b200527a5d0           LEA R58, R59, 0x4000, 0x2                                   1      0      1      65536  2097152  2097152  32     32     0      -             -          -      0       0      0        0        0       0       0        0       -      0      0      0      0      0      0      0      0      0      0      0      0      0      0      0      0      0      0      0      1      0      0      0      0      0      0      0      0      0      0      0      0      0      0      0      0      0      0      0      0      0      0     
0x7b200527a5e0           STS.64 [R16+0x2400], R8                                     40     30     40     65536  2097152  2097152  32     32     0      Shared        Store      64     0       2      0        131072   131072  0       0        0       -      0      0      0      0      0      0      0      0      0      0      0      0      0      0      0      34     0      0      3      3      0      0      0      0      0      0      0      0      0      0      0      0      0      30     0      0      0      0      0      0      0      0     
0x7b200527a5f0           IMAD.SHL.U32 R62, R59, 0x2, RZ                              2      0      2      65536  2097152  2097152  32     32     0      -             -          -      0       0      0        0        0       0       0        0       -      0      0      0      0      0      0      0      0      0      0      0      0      0      0      0      0      0      0      0      2      0      0      0      0      0      0      0      0      0      0      0      0      0      0      0      0      0      0      0      0      0      0     
0x7b200527a600           LOP3.LUT R28, R67, 0x70, RZ, 0xc0, !PT                      4      1      4      65536  2097152  2097152  32     32     0      -             -          -      0       0      0        0        0       0       0        0       -      0      0      0      0      0      0      0      0      0      0      0      0      0      1      0      0      0      0      0      3      0      0      0      0      0      0      0      0      0      0      0      1      0      0      0      0      0      0      0      0      0      0     
0x7b200527a610           IMAD.SHL.U32 R59, R59, 0x10, RZ                             7      0      7      65536  2097152  2097152  32     32     0      -             -          -      0       0      0        0        0       0       0        0       -      0      0      0      0      0      0      0      0      2      0      0      0      0      0      0      0      0      0      0      5      0      0      0      0      0      0      0      0      0      0      0      0      0      0      0      0      0      0      0      0      0      0     
0x7b200527a620           LEA R66, R3, 0x3000, 0x1                                    4      0      4      65536  2097152  2097152  32     32     0      -             -          -      0       0      0        0        0       0       0        0       -      0      0      0      0      0      0      0      0      1      0      0      0      0      0      0      0      0      0      0      3      0      0      0      0      0      0      0      0      0      0      0      0      0      0      0      0      0      0      0      0      0      0     
0x7b200527a630           IMAD R48, R3, 0x40, R64                                     3      0      3      65536  2097152  2097152  32     32     0      -             -          -      0       0      0        0        0       0       0        0       -      0      0      0      0      0      0      0      0      0      0      0      0      0      0      0      0      0      0      0      3      0      0      0      0      0      0      0      0      0      0      0      0      0      0      0      0      0      0      0      0      0      0     
0x7b200527a640           CS2R R24, SRZ                                               2      0      2      65536  2097152  2097152  32     32     0      -             -          -      0       0      0        0        0       0       0        0       -      0      0      0      0      0      0      0      0      0      0      0      0      0      0      0      0      0      0      0      2      0      0      0      0      0      0      0      0      0      0      0      0      0      0      0      0      0      0      0      0      0      0     
0x7b200527a650           IMAD.MOV.U32 R56, RZ, RZ, RZ                                3      0      3      65536  2097152  2097152  32     32     0      -             -          -      0       0      0        0        0       0       0        0       -      0      0      0      0      0      0      0      0      0      0      0      0      0      0      0      0      0      0      0      3      0      0      0      0      0      0      0      0      0      0      0      0      0      0      0      0      0      0      0      0      0      0     
0x7b200527a660           CS2R R26, SRZ                                               165    105    165    65536  2097152  2097152  32     32     0      -             -          -      0       0      0        0        0       0       0        0       -      0      0      0      0      0      0      0      0      4      0      0      0      0      19     0      0      0      0      20     1      121    0      0      0      0      0      1      0      0      0      0      10     0      0      0      0      0      0      94     0      0      0     
0x7b200527a670           IMAD.MOV.U32 R55, RZ, RZ, RZ                                3      0      3      65536  2097152  2097152  32     32     0      -             -          -      0       0      0        0        0       0       0        0       -      0      0      0      0      0      0      0      0      1      0      0      0      0      0      0      0      0      0      0      2      0      0      0      0      0      0      0      0      0      0      0      0      0      0      0      0      0      0      0      0      0      0     
0x7b200527a680           LOP3.LUT R69, R48, 0x40, RZ, 0x3c, !PT                      3      0      3      65536  2097152  2097152  32     32     0      -             -          -      0       0      0        0        0       0       0        0       -      0      0      0      0      0      0      0      0      1      0      0      0      0      0      0      0      0      0      0      2      0      0      0      0      0      0      0      0      0      0      0      0      0      0      0      0      0      0      0      0      0      0     
0x7b200527a690           USHF.R.S32.HI UR4, URZ, 0x1f, UR14                          2      0      2      65536  2097152  2097152  32     32     0      -             -          -      0       0      0        0        0       0       0        0       -      0      0      0      0      0      0      0      0      0      0      0      0      0      0      0      0      0      0      0      2      0      0      0      0      0      0      0      0      0      0      0      0      0      0      0      0      0      0      0      0      0      0     
0x7b200527a6a0           LOP3.LUT R9, R0, 0x30, RZ, 0x3c, !PT                        2      0      2      65536  2097152  2097152  32     32     0      -             -          -      0       0      0        0        0       0       0        0       -      0      0      0      0      0      0      0      0      1      0      0      0      0      0      0      0      0      0      0      1      0      0      0      0      0      0      0      0      0      0      0      0      0      0      0      0      0      0      0      0      0      0     
0x7b200527a6b0           UIADD3.X UR5, UR5, UR17, URZ, UP0, !UPT                     2      0      2      65536  2097152  2097152  32     32     0      -             -          -      0       0      0        0        0       0       0        0       -      0      0      0      0      0      0      0      0      0      0      0      0      0      0      0      0      0      0      0      2      0      0      0      0      0      0      0      0      0      0      0      0      0      0      0      0      0      0      0      0      0      0     
0x7b200527a6c0           LOP3.LUT R68, R48, 0x60, RZ, 0x3c, !PT                      4      0      4      65536  2097152  2097152  32     32     0      -             -          -      0       0      0        0        0       0       0        0       -      0      0      0      0      0      0      0      0      0      0      0      0      0      0      0      0      0      0      0      4      0      0      0      0      0      0      0      0      0      0      0      0      0      0      0      0      0      0      0      0      0      0     
0x7b200527a6d0           UIADD3 UR14, UR6, -0x10, URZ                                2      0      2      65536  2097152  2097152  32     32     0      -             -          -      0       0      0        0        0       0       0        0       -      0      0      0      0      0      0      0      0      0      0      0      0      0      0      0      0      0      0      0      2      0      0      0      0      0      0      0      0      0      0      0      0      0      0      0      0      0      0      0      0      0      0     
0x7b200527a6e0           LOP3.LUT R15, R15, 0xffff, RZ, 0xc0, !PT                    963    658    963    65536  2097152  2097152  32     32     0      -             -          -      0       0      0        0        0       0       0        0       -      0      0      0      0      0      0      0      0      0      0      0      0      947    8      0      0      0      0      7      1      0      0      0      0      0      0      0      0      0      0      656    2      0      0      0      0      0      0      0      0      0      0     
0x7b200527a6f0           LOP3.LUT R18, R18, 0xffff, RZ, 0xc0, !PT                    150    113    150    65536  2097152  2097152  32     32     0      -             -          -      0       0      0        0        0       0       0        0       -      0      0      0      0      0      0      0      0      2      0      0      0      126    8      0      0      0      0      9      3      0      0      0      2      0      0      0      0      0      0      108    3      0      0      0      0      0      0      0      0      0      2     
0x7b200527a700           LOP3.LUT R20, R20, 0xffff, RZ, 0xc0, !PT                    147    120    147    65536  2097152  2097152  32     32     0      -             -          -      0       0      0        0        0       0       0        0       -      0      0      0      0      0      0      0      0      1      0      0      0      131    6      0      0      0      0      7      1      0      0      0      1      0      0      0      0      0      0      115    4      0      0      0      0      0      0      0      0      0      1     
0x7b200527a710           PRMT R15, R15, 0x3340, R18                                  5      3      5      65536  2097152  2097152  32     32     0      -             -          -      0       0      0        0        0       0       0        0       -      0      0      0      0      0      0      0      0      0      0      0      0      0      1      0      0      0      0      0      1      0      0      0      3      0      0      0      0      0      0      0      1      0      0      0      0      0      0      0      0      0      2     
0x7b200527a720           IMAD.MOV.U32 R18, RZ, RZ, R8                                2      0      2      65536  2097152  2097152  32     32     0      -             -          -      0       0      0        0        0       0       0        0       -      0      0      0      0      0      0      0      0      0      0      0      0      0      0      0      0      0      0      0      2      0      0      0      0      0      0      0      0      0      0      0      0      0      0      0      0      0      0      0      0      0      0     
0x7b200527a730           LOP3.LUT R13, R22, 0xffff, RZ, 0xc0, !PT                    802    586    802    65536  2097152  2097152  32     32     0      -             -          -      0       0      0        0        0       0       0        0       -      0      0      0      0      0      0      0      0      1      0      0      0      766    13     0      0      0      0      17     5      0      0      0      0      0      0      0      0      0      0      583    3      0      0      0      0      0      0      0      0      0      0     
0x7b200527a740           LOP3.LUT R17, R17, 0xffff, RZ, 0xc0, !PT                    2      1      2      65536  2097152  2097152  32     32     0      -             -          -      0       0      0        0        0       0       0        0       -      0      0      0      0      0      0      0      0      0      0      0      0      0      0      0      0      0      0      1      0      0      0      0      1      0      0      0      0      0      0      0      0      0      0      0      0      0      0      0      0      0      1     
0x7b200527a750           PRMT R20, R20, 0x3340, R13                                  6      1      6      65536  2097152  2097152  32     32     0      -             -          -      0       0      0        0        0       0       0        0       -      0      0      0      0      0      0      0      0      0      0      0      0      0      0      0      0      0      0      1      4      0      0      0      1      0      0      0      0      0      0      0      0      0      0      0      0      0      0      0      0      0      1     
0x7b200527a760           LOP3.LUT R10, R19, 0xffff, RZ, 0xc0, !PT                    21     7      21     65536  2097152  2097152  32     32     0      -             -          -      0       0      0        0        0       0       0        0       -      0      0      0      0      0      0      0      0      0      0      0      0      0      4      0      0      0      0      6      1      0      0      0      10     0      0      0      0      0      0      0      1      0      0      0      0      0      0      0      0      0      6     
0x7b200527a770           IMAD.MOV.U32 R19, RZ, RZ, R8                                2      0      2      65536  2097152  2097152  32     32     0      -             -          -      0       0      0        0        0       0       0        0       -      0      0      0      0      0      0      0      0      0      0      0      0      0      0      0      0      0      0      0      2      0      0      0      0      0      0      0      0      0      0      0      0      0      0      0      0      0      0      0      0      0      0     
0x7b200527a780           PRMT R15, R15, 0x5410, R20                                  0      0      0      65536  2097152  2097152  32     32     0      -             -          -      0       0      0        0        0       0       0        0       -      0      0      0      0      0      0      0      0      0      0      0      0      0      0      0      0      0      0      0      0      0      0      0      0      0      0      0      0      0      0      0      0      0      0      0      0      0      0      0      0      0      0     
0x7b200527a790           LOP3.LUT R21, R21, 0xffff, RZ, 0xc0, !PT                    4      1      4      65536  2097152  2097152  32     32     0      -             -          -      0       0      0        0        0       0       0        0       -      0      0      0      0      0      0      0      0      1      0      0      0      0      0      0      0      0      0      0      2      0      0      0      1      0      0      1      0      0      0      0      0      0      0      0      0      0      0      0      0      0      0     
0x7b200527a7a0           PRMT R10, R17, 0x3340, R10                                  5      1      5      65536  2097152  2097152  32     32     0      -             -          -      0       0      0        0        0       0       0        0       -      0      0      0      0      0      0      0      0      0      0      0      0      0      0      0      0      0      0      1      3      0      0      0      1      0      0      0      0      0      0      0      0      0      0      0      0      0      0      0      0      0      1     
0x7b200527a7b0           STS.64 [R16+0x2c00], R18                                    215    191    215    65536  2097152  2097152  32     32     0      Shared        Store      64     0       2      0        131072   131072  0       0        0       -      0      0      0      0      0      0      0      0      0      0      0      0      0      0      0      204    0      0      8      3      0      0      0      0      0      0      0      0      0      0      0      0      0      191    0      0      0      0      0      0      0      0     
0x7b200527a7c0           LOP3.LUT R12, R23, 0xffff, RZ, 0xc0, !PT                    2      0      2      65536  2097152  2097152  32     32     0      -             -          -      0       0      0        0        0       0       0        0       -      0      0      0      0      0      0      0      0      0      0      0      0      0      0      0      0      0      0      0      2      0      0      0      0      0      0      0      0      0      0      0      0      0      0      0      0      0      0      0      0      0      0     
0x7b200527a7d0           LOP3.LUT R8, R0, 0x20, RZ, 0x3c, !PT                        15     6      15     65536  2097152  2097152  32     32     0      -             -          -      0       0      0        0        0       0       0        0       -      0      0      0      0      0      0      0      0      0      0      0      0      0      2      0      0      0      0      2      5      0      0      0      6      0      0      0      0      0      0      0      1      0      0      0      0      0      0      0      0      0      5     
0x7b200527a7e0           CS2R R22, SRZ                                               4      0      4      65536  2097152  2097152  32     32     0      -             -          -      0       0      0        0        0       0       0        0       -      0      0      0      0      0      0      0      0      0      0      0      0      0      0      0      0      0      0      1      3      0      0      0      0      0      0      0      0      0      0      0      0      0      0      0      0      0      0      0      0      0      0     
0x7b200527a7f0           PRMT R21, R21, 0x3340, R12                                  9      3      9      65536  2097152  2097152  32     32     0      -             -          -      0       0      0        0        0       0       0        0       -      0      0      0      0      0      0      0      0      0      0      0      0      0      7      0      0      0      0      1      1      0      0      0      0      0      0      0      0      0      0      0      3      0      0      0      0      0      0      0      0      0      0     
0x7b200527a800           F2FP.PACK_AB R7, R7, R6                                     21     3      21     65536  2097152  2097152  32     32     0      -             -          -      0       0      0        0        0       0       0        0       -      0      0      0      0      0      0      0      0      0      0      0      0      0      5      0      0      0      0      10     3      0      0      0      3      0      0      0      0      0      0      0      1      0      0      0      0      0      0      0      0      0      2     
0x7b200527a810           F2FP.PACK_AB R6, R5, R4                                     7      5      7      65536  2097152  2097152  32     32     0      -             -          -      0       0      0        0        0       0       0        0       -      0      0      0      0      0      0      0      0      0      0      0      0      0      1      0      0      0      0      1      1      0      0      0      4      0      0      0      0      0      0      0      1      0      0      0      0      0      0      0      0      0      4     
0x7b200527a820           PRMT R21, R10, 0x5410, R21                                  6      2      6      65536  2097152  2097152  32     32     0      -             -          -      0       0      0        0        0       0       0        0       -      0      0      0      0      0      0      0      0      0      0      0      0      0      0      0      0      0      0      0      3      0      0      0      3      0      0      0      0      0      0      0      0      0      0      0      0      0      0      0      0      0      2     
0x7b200527a830           IMAD.MOV R18, RZ, RZ, -R31                                  206    172    206    65536  2097152  2097152  32     32     0      -             -          -      0       0      0        0        0       0       0        0       -      0      0      0      0      0      0      0      0      0      0      0      0      0      1      0      0      0      0      0      1      204    0      0      0      0      0      0      0      0      0      0      0      0      0      0      0      0      0      172    0      0      0     
0x7b200527a840           LOP3.LUT R4, R54, 0x40, RZ, 0x3c, !PT                       2      0      2      65536  2097152  2097152  32     32     0      -             -          -      0       0      0        0        0       0       0        0       -      0      0      0      0      0      0      0      0      0      0      0      0      0      0      0      0      0      0      0      2      0      0      0      0      0      0      0      0      0      0      0      0      0      0      0      0      0      0      0      0      0      0     
0x7b200527a850           STS.64 [R16+0x2000], R6                                     125    105    125    65536  2097152  2097152  32     32     0      Shared        Store      64     0       2      0        131072   131072  0       0        0       -      0      0      0      0      0      0      0      0      1      0      0      0      0      0      0      115    0      0      4      5      0      0      0      0      0      0      1      0      0      0      0      0      0      104    0      0      0      0      0      0      0      0     
0x7b200527a860           LOP3.LUT R5, R0, 0x10, RZ, 0x3c, !PT                        2      0      2      65536  2097152  2097152  32     32     0      -             -          -      0       0      0        0        0       0       0        0       -      0      0      0      0      0      0      0      0      0      0      0      0      0      0      0      0      0      0      0      2      0      0      0      0      0      0      0      0      0      0      0      0      0      0      0      0      0      0      0      0      0      0     
0x7b200527a870           LOP3.LUT R10, R0, 0x60, RZ, 0x3c, !PT                       8      2      8      65536  2097152  2097152  32     32     0      -             -          -      0       0      0        0        0       0       0        0       -      0      0      0      0      0      0      0      0      0      0      0      0      0      1      0      0      0      0      1      4      0      0      0      2      0      0      0      0      0      0      0      0      0      0      0      0      0      0      0      0      0      2     
0x7b200527a880           STS [R54+0x3000], R15                                       103    91     103    65536  2097152  2097152  32     32     0      Shared        Store      32     0       1      0        65536    65536   0       0        0       -      0      0      0      0      0      0      0      0      0      0      0      0      0      0      0      97     0      0      4      2      0      0      0      0      0      0      0      0      0      0      0      0      0      91     0      0      0      0      0      0      0      0     
0x7b200527a890           LOP3.LUT R12, R0, 0x70, RZ, 0x3c, !PT                       2      0      2      65536  2097152  2097152  32     32     0      -             -          -      0       0      0        0        0       0       0        0       -      0      0      0      0      0      0      0      0      0      0      0      0      0      0      0      0      0      0      0      2      0      0      0      0      0      0      0      0      0      0      0      0      0      0      0      0      0      0      0      0      0      0     
0x7b200527a8a0           STS [R4+0x3200], R21                                        130    105    130    65536  2097152  2097152  32     32     0      Shared        Store      32     0       1      0        65536    65536   0       0        0       -      0      0      0      0      0      0      0      0      1      0      0      0      0      0      0      108    0      0      7      5      0      0      0      9      0      0      0      0      0      0      0      0      0      100    0      0      0      0      0      0      0      5     
0x7b200527a8b0           BAR.SYNC.DEFER_BLOCKING 0x0                                 142    107    142    65536  2097152  2097152  32     32     0      -             -          -      0       0      0        0        0       0       0        0       -      0      0      0      0      0      0      0      0      2      0      0      13     0      0      0      106    0      0      8      3      0      0      0      10     0      0      0      0      0      12     0      0      0      90     0      0      0      0      0      0      0      5     
0x7b200527a8c0           LOP3.LUT R7, R0, 0x50, RZ, 0x3c, !PT                        41     30     41     65536  2097152  2097152  32     32     0      -             -          -      0       0      0        0        0       0       0        0       -      0      0      0      0      0      0      0      0      0      0      0      0      0      7      0      0      0      0      4      0      30     0      0      0      0      0      0      0      0      0      0      5      0      0      0      0      0      0      25     0      0      0     
0x7b200527a8d0           LOP3.LUT R6, R0, 0x40, RZ, 0x3c, !PT                        11     3      11     65536  2097152  2097152  32     32     0      -             -          -      0       0      0        0        0       0       0        0       -      0      0      0      0      0      0      0      0      0      0      0      0      0      2      0      0      0      0      0      4      0      0      0      5      0      0      0      0      0      0      0      0      0      0      0      0      0      0      0      0      0      3     
0x7b200527a8e0           SHF.R.U32.HI R15, RZ, 0x1, R2                               53     34     53     65536  2097152  2097152  32     32     0      -             -          -      0       0      0        0        0       0       0        0       -      0      0      0      0      0      0      0      0      0      0      0      0      0      3      0      0      0      0      7      3      35     0      0      5      0      0      0      0      0      0      0      1      0      0      0      0      0      0      30     0      0      3     
0x7b200527a8f0           CS2R R20, SRZ                                               64     39     64     65536  2097152  2097152  32     32     0      -             -          -      0       0      0        0        0       0       0        0       -      0      0      0      0      0      0      0      0      0      0      0      0      0      6      0      0      0      0      8      3      47     0      0      0      0      0      0      0      0      0      0      3      0      0      0      0      0      0      36     0      0      0     
0x7b200527a900           LOP3.LUT R4, R67, 0x18, RZ, 0xc0, !PT                       5      1      5      65536  2097152  2097152  32     32     0      -             -          -      0       0      0        0        0       0       0        0       -      0      0      0      0      0      0      0      0      0      0      0      0      0      1      0      0      0      0      0      4      0      0      0      0      0      0      0      0      0      0      0      1      0      0      0      0      0      0      0      0      0      0     
0x7b200527a910           LOP3.LUT R15, R15, 0x110, R18, 0x78, !PT                    25     9      25     65536  2097152  2097152  32     32     0      -             -          -      0       0      0        0        0       0       0        0       -      0      0      0      0      0      0      0      0      2      0      0      0      0      7      0      0      0      0      10     3      0      0      0      3      0      0      2      0      0      0      0      5      0      0      0      0      0      0      0      0      0      2     
0x7b200527a920           IMAD R16, R4, 0x44, RZ                                      18     5      18     65536  2097152  2097152  32     32     0      -             -          -      0       0      0        0        0       0       0        0       -      0      0      0      0      0      0      0      0      2      0      0      0      0      1      0      0      0      0      3      3      0      0      0      9      0      0      0      0      0      0      0      0      0      0      0      0      0      0      0      0      0      5     
0x7b200527a930           IADD3 R4, R30, UR7, RZ                                      5      0      5      65536  2097152  2097152  32     32     0      -             -          -      0       0      0        0        0       0       0        0       -      0      0      0      0      0      0      0      0      0      0      0      0      0      0      0      0      0      0      0      5      0      0      0      0      0      0      0      0      0      0      0      0      0      0      0      0      0      0      0      0      0      0     
0x7b200527a940           ISETP.GE.AND P1, PT, R4, UR6, PT                            14     8      14     65536  2097152  2097152  32     32     0      -             -          -      0       0      0        0        0       0       0        0       -      0      0      0      0      0      0      0      0      1      0      0      0      0      1      0      0      0      0      0      3      0      0      0      9      0      0      0      0      0      0      0      1      0      0      0      0      0      0      0      0      0      7     
0x7b200527a950           LOP3.LUT R16, R15, R16, RZ, 0x3c, !PT                       5      1      5      65536  2097152  2097152  32     32     0      -             -          -      0       0      0        0        0       0       0        0       -      0      0      0      0      0      0      0      0      0      0      0      0      0      1      0      0      0      0      1      2      0      0      0      1      0      0      0      0      0      0      0      0      0      0      0      0      0      0      0      0      0      1     
0x7b200527a960           LOP3.LUT R61, R16, 0x800, R61, 0xf8, !PT                    24     10     24     65536  2097152  2097152  32     32     0      -             -          -      0       0      0        0        0       0       0        0       -      0      0      0      0      0      0      0      0      0      0      0      0      0      3      0      0      0      0      2      7      0      0      0      12     0      0      0      0      0      0      0      3      0      0      0      0      0      0      0      0      0      7     
0x7b200527a970           LDS.U8 R13, [R5+0x3000]                                     1009   777    1009   65536  2097152  2097152  32     32     0      Shared        Load       8      0       1      0        65536    65536   0       0        0       -      0      0      0      0      0      0      884    0      2      0      0      0      0      0      0      109    0      0      13     1      0      0      0      0      684    0      1      0      0      0      0      0      0      92     0      0      0      0      0      0      0      0     
0x7b200527a980           LOP3.LUT R63, R61, 0x40, RZ, 0x3c, !PT                      15     7      15     65536  2097152  2097152  32     32     0      -             -          -      0       0      0        0        0       0       0        0       -      0      0      0      0      0      0      0      0      1      0      0      0      0      2      0      0      0      0      1      2      0      0      0      9      0      0      1      0      0      0      0      0      0      0      0      0      0      0      0      0      0      6     
0x7b200527a990           LDS.U8 R8, [R8+0x3000]                                      79     65     79     65536  2097152  2097152  32     32     0      Shared        Load       8      0       1      0        65536    65536   0       0        0       -      0      0      0      0      0      0      0      0      0      0      0      0      0      0      0      69     0      0      7      3      0      0      0      0      0      0      0      0      0      0      0      0      0      65     0      0      0      0      0      0      0      0     
0x7b200527a9a0           LDS.U8 R9, [R9+0x3000]                                      104    84     104    65536  2097152  2097152  32     32     0      Shared        Load       8      0       1      0        65536    65536   0       0        0       -      0      0      0      0      0      0      0      0      0      0      0      0      0      0      0      83     0      0      3      5      0      0      0      13     0      0      0      0      0      0      0      0      0      74     0      0      0      0      0      0      0      10    
0x7b200527a9b0           LDS.U8 R10, [R10+0x3000]                                    127    97     127    65536  2097152  2097152  32     32     0      Shared        Load       8      0       1      0        65536    65536   0       0        0       -      0      0      0      0      0      0      0      0      1      0      0      0      0      0      0      104    0      0      12     1      0      0      0      9      0      0      0      0      0      0      0      0      0      89     0      0      0      0      0      0      0      8     
0x7b200527a9c0           LDS.U8 R12, [R12+0x3000]                                    129    99     129    65536  2097152  2097152  32     32     0      Shared        Load       8      0       1      0        65536    65536   0       0        0       -      0      0      0      0      0      0      0      0      1      0      0      0      0      0      0      106    0      0      8      5      0      0      0      9      0      0      0      0      0      0      0      0      0      93     0      0      0      0      0      0      0      6     
0x7b200527a9d0           LDS.U8 R7, [R7+0x3000]                                      110    87     110    65536  2097152  2097152  32     32     0      Shared        Load       8      0       1      0        65536    65536   0       0        0       -      0      0      0      0      0      0      0      0      0      0      0      0      0      0      0      94     0      0      5      1      0      0      0      10     0      0      0      0      0      0      0      0      0      81     0      0      0      0      0      0      0      6     
0x7b200527a9e0           LDS.U8 R14, [R0+0x3000]                                     121    83     121    65536  2097152  2097152  32     32     0      Shared        Load       8      0       1      0        65536    65536   0       0        0       -      0      0      0      0      0      0      0      0      1      0      0      0      0      0      0      91     0      0      12     4      0      0      0      13     0      0      0      0      0      0      0      0      0      75     0      0      0      0      0      0      0      8     
0x7b200527a9f0           LDS.U8 R2, [R6+0x3000]                                      97     70     97     65536  2097152  2097152  32     32     0      Shared        Load       8      0       1      0        65536    65536   0       0        0       -      0      0      0      0      0      0      0      0      0      0      0      0      0      0      0      79     0      0      8      2      0      0      0      8      0      0      0      0      0      0      0      0      0      67     0      0      0      0      0      0      0      3     
0x7b200527aa00           IMAD.SHL.U32 R5, R13, 0x10, RZ                              165    118    165    65536  2097152  2097152  32     32     0      -             -          -      0       0      0        0        0       0       0        0       -      0      0      0      0      0      0      0      0      0      0      0      0      0      3      0      0      0      0      1      4      156    0      0      1      0      0      0      0      0      0      0      0      0      0      0      0      0      0      117    0      0      1     
0x7b200527aa10           LOP3.LUT R4, R5, 0xf0, RZ, 0xc0, !PT                        56     23     56     65536  2097152  2097152  32     32     0      -             -          -      0       0      0        0        0       0       0        0       -      0      0      0      0      0      0      0      0      2      0      0      0      0      19     0      0      0      0      11     3      0      0      0      21     0      0      0      0      0      0      0      9      0      0      0      0      0      0      0      0      0      14    
0x7b200527aa20           LOP3.LUT R5, R67, 0x20, RZ, 0xc0, !PT                       10     3      10     65536  2097152  2097152  32     32     0      -             -          -      0       0      0        0        0       0       0        0       -      0      0      0      0      0      0      0      0      1      0      0      0      0      0      0      0      0      0      1      3      0      0      0      5      0      0      0      0      0      0      0      0      0      0      0      0      0      0      0      0      0      3     
0x7b200527aa30           LEA.HI R4, R13, R4, RZ, 0x1c                                12     3      12     65536  2097152  2097152  32     32     0      -             -          -      0       0      0        0        0       0       0        0       -      0      0      0      0      0      0      0      0      0      0      0      0      0      1      0      0      0      0      0      7      0      0      0      4      0      0      0      0      0      0      0      0      0      0      0      0      0      0      0      0      0      3     
0x7b200527aa40           LEA.HI R58, R5, R58, RZ, 0x1f                               9      1      9      65536  2097152  2097152  32     32     0      -             -          -      0       0      0        0        0       0       0        0       -      0      0      0      0      0      0      0      0      0      0      0      0      0      1      0      0      0      0      0      5      0      0      0      3      0      0      0      0      0      0      0      0      0      0      0      0      0      0      0      0      0      1     
0x7b200527aa50           IMAD.SHL.U32 R15, R10, 0x10, RZ                             7      0      7      65536  2097152  2097152  32     32     0      -             -          -      0       0      0        0        0       0       0        0       -      0      0      0      0      0      0      0      0      1      0      0      0      0      0      0      0      0      0      0      6      0      0      0      0      0      0      0      0      0      0      0      0      0      0      0      0      0      0      0      0      0      0     
0x7b200527aa60           LEA.HI R62, R5, R62, RZ, 0x1e                               6      0      6      65536  2097152  2097152  32     32     0      -             -          -      0       0      0        0        0       0       0        0       -      0      0      0      0      0      0      0      0      0      0      0      0      0      0      0      0      0      0      0      6      0      0      0      0      0      0      0      0      0      0      0      0      0      0      0      0      0      0      0      0      0      0     
0x7b200527aa70           IMAD.SHL.U32 R6, R4, 0x2, RZ                                4      0      4      65536  2097152  2097152  32     32     0      -             -          -      0       0      0        0        0       0       0        0       -      0      0      0      0      0      0      0      0      0      0      0      0      0      0      0      0      0      0      0      4      0      0      0      0      0      0      0      0      0      0      0      0      0      0      0      0      0      0      0      0      0      0     
0x7b200527aa80           IMAD.SHL.U32 R5, R8, 0x10, RZ                               7      0      7      65536  2097152  2097152  32     32     0      -             -          -      0       0      0        0        0       0       0        0       -      0      0      0      0      0      0      0      0      0      0      0      0      0      0      0      0      0      0      1      5      0      0      0      1      0      0      0      0      0      0      0      0      0      0      0      0      0      0      0      0      0      0     
0x7b200527aa90           LOP3.LUT R15, R15, 0xf0, RZ, 0xc0, !PT                      5      0      5      65536  2097152  2097152  32     32     0      -             -          -      0       0      0        0        0       0       0        0       -      0      0      0      0      0      0      0      0      1      0      0      0      0      0      0      0      0      0      0      4      0      0      0      0      0      0      0      0      0      0      0      0      0      0      0      0      0      0      0      0      0      0     
0x7b200527aaa0           IMAD.SHL.U32 R4, R9, 0x10, RZ                               2      0      2      65536  2097152  2097152  32     32     0      -             -          -      0       0      0        0        0       0       0        0       -      0      0      0      0      0      0      0      0      0      0      0      0      0      0      0      0      0      0      0      2      0      0      0      0      0      0      0      0      0      0      0      0      0      0      0      0      0      0      0      0      0      0     
0x7b200527aab0           PRMT R6, R1, 0x5410, R6                                     1      0      1      65536  2097152  2097152  32     32     0      -             -          -      0       0      0        0        0       0       0        0       -      0      0      0      0      0      0      0      0      1      0      0      0      0      0      0      0      0      0      0      0      0      0      0      0      0      0      0      0      0      0      0      0      0      0      0      0      0      0      0      0      0      0     
0x7b200527aac0           IMAD.SHL.U32 R13, R12, 0x10, RZ                             2      1      2      65536  2097152  2097152  32     32     0      -             -          -      0       0      0        0        0       0       0        0       -      0      0      0      0      0      0      0      0      0      0      0      0      0      0      0      0      0      0      0      1      1      0      0      0      0      0      0      0      0      0      0      0      0      0      0      0      0      0      1      0      0      0     
0x7b200527aad0           LOP3.LUT R5, R5, 0xf0, RZ, 0xc0, !PT                        1      0      1      65536  2097152  2097152  32     32     0      -             -          -      0       0      0        0        0       0       0        0       -      0      0      0      0      0      0      0      0      0      0      0      0      0      0      0      0      0      0      0      1      0      0      0      0      0      0      0      0      0      0      0      0      0      0      0      0      0      0      0      0      0      0     
0x7b200527aae0           IMAD R58, R3, 0x8, R58                                      5      0      5      65536  2097152  2097152  32     32     0      -             -          -      0       0      0        0        0       0       0        0       -      0      0      0      0      0      0      0      0      0      0      0      0      0      0      0      0      0      0      0      5      0      0      0      0      0      0      0      0      0      0      0      0      0      0      0      0      0      0      0      0      0      0     
0x7b200527aaf0           LOP3.LUT R4, R4, 0xf0, RZ, 0xc0, !PT                        2      0      2      65536  2097152  2097152  32     32     0      -             -          -      0       0      0        0        0       0       0        0       -      0      0      0      0      0      0      0      0      0      0      0      0      0      0      0      0      0      0      0      2      0      0      0      0      0      0      0      0      0      0      0      0      0      0      0      0      0      0      0      0      0      0     
0x7b200527ab00           LEA.HI R8, R8, R5, RZ, 0x1c                                 32     4      32     65536  2097152  2097152  32     32     0      -             -          -      0       0      0        0        0       0       0        0       -      0      0      0      0      0      0      0      0      0      0      0      0      0      9      0      0      0      0      13     5      0      0      0      5      0      0      0      0      0      0      0      3      0      0      0      0      0      0      0      0      0      1     
0x7b200527ab10           IMAD.SHL.U32 R5, R7, 0x10, RZ                               8      2      8      65536  2097152  2097152  32     32     0      -             -          -      0       0      0        0        0       0       0        0       -      0      0      0      0      0      0      0      0      1      0      0      0      0      0      0      0      0      0      0      5      2      0      0      0      0      0      0      0      0      0      0      0      0      0      0      0      0      0      2      0      0      0     
0x7b200527ab20           LEA.HI R9, R9, R4, RZ, 0x1c                                 6      0      6      65536  2097152  2097152  32     32     0      -             -          -      0       0      0        0        0       0       0        0       -      0      0      0      0      0      0      0      0      0      0      0      0      0      0      0      0      0      0      0      6      0      0      0      0      0      0      0      0      0      0      0      0      0      0      0      0      0      0      0      0      0      0     
0x7b200527ab30           IMAD.SHL.U32 R4, R14, 0x10, RZ                              28     19     28     65536  2097152  2097152  32     32     0      -             -          -      0       0      0        0        0       0       0        0       -      0      0      0      0      0      0      0      0      1      0      0      0      0      0      0      0      0      0      0      6      21     0      0      0      0      0      1      0      0      0      0      0      0      0      0      0      0      0      18     0      0      0     
0x7b200527ab40           LEA.HI R15, R10, R15, RZ, 0x1c                              4      0      4      65536  2097152  2097152  32     32     0      -             -          -      0       0      0        0        0       0       0        0       -      0      0      0      0      0      0      0      0      0      0      0      0      0      0      0      0      0      0      0      4      0      0      0      0      0      0      0      0      0      0      0      0      0      0      0      0      0      0      0      0      0      0     
0x7b200527ab50           IMAD.SHL.U32 R8, R8, 0x2, RZ                                2      0      2      65536  2097152  2097152  32     32     0      -             -          -      0       0      0        0        0       0       0        0       -      0      0      0      0      0      0      0      0      0      0      0      0      0      0      0      0      0      0      0      2      0      0      0      0      0      0      0      0      0      0      0      0      0      0      0      0      0      0      0      0      0      0     
0x7b200527ab60           LOP3.LUT R13, R13, 0xf0, RZ, 0xc0, !PT                      8      0      8      65536  2097152  2097152  32     32     0      -             -          -      0       0      0        0        0       0       0        0       -      0      0      0      0      0      0      0      0      1      0      0      0      0      0      0      0      0      0      0      7      0      0      0      0      0      0      0      0      0      0      0      0      0      0      0      0      0      0      0      0      0      0     
0x7b200527ab70           IMAD.SHL.U32 R9, R9, 0x2, RZ                                2      0      2      65536  2097152  2097152  32     32     0      -             -          -      0       0      0        0        0       0       0        0       -      0      0      0      0      0      0      0      0      0      0      0      0      0      0      0      0      0      0      0      2      0      0      0      0      0      0      0      0      0      0      0      0      0      0      0      0      0      0      0      0      0      0     
0x7b200527ab80           LOP3.LUT R10, R5, 0xf0, RZ, 0xc0, !PT                       1      0      1      65536  2097152  2097152  32     32     0      -             -          -      0       0      0        0        0       0       0        0       -      0      0      0      0      0      0      0      0      0      0      0      0      0      0      0      0      0      0      0      1      0      0      0      0      0      0      0      0      0      0      0      0      0      0      0      0      0      0      0      0      0      0     
0x7b200527ab90           LOP3.LUT R5, R4, 0xf0, RZ, 0xc0, !PT                        12     1      12     65536  2097152  2097152  32     32     0      -             -          -      0       0      0        0        0       0       0        0       -      0      0      0      0      0      0      0      0      0      0      0      0      0      1      0      0      0      0      3      6      0      0      0      2      0      0      0      0      0      0      0      0      0      0      0      0      0      0      0      0      0      1     
0x7b200527aba0           IMAD.SHL.U32 R4, R2, 0x10, RZ                               3      0      3      65536  2097152  2097152  32     32     0      -             -          -      0       0      0        0        0       0       0        0       -      0      0      0      0      0      0      0      0      1      0      0      0      0      0      0      0      0      0      0      2      0      0      0      0      0      0      0      0      0      0      0      0      0      0      0      0      0      0      0      0      0      0     
0x7b200527abb0           LEA.HI R13, R12, R13, RZ, 0x1c                              2      0      2      65536  2097152  2097152  32     32     0      -             -          -      0       0      0        0        0       0       0        0       -      0      0      0      0      0      0      0      0      0      0      0      0      0      0      0      0      0      0      0      2      0      0      0      0      0      0      0      0      0      0      0      0      0      0      0      0      0      0      0      0      0      0     
0x7b200527abc0           IMAD.SHL.U32 R12, R15, 0x2, RZ                              3      0      3      65536  2097152  2097152  32     32     0      -             -          -      0       0      0        0        0       0       0        0       -      0      0      0      0      0      0      0      0      0      0      0      0      0      0      0      0      0      0      0      3      0      0      0      0      0      0      0      0      0      0      0      0      0      0      0      0      0      0      0      0      0      0     
0x7b200527abd0           LEA.HI R5, R14, R5, RZ, 0x1c                                2      0      2      65536  2097152  2097152  32     32     0      -             -          -      0       0      0        0        0       0       0        0       -      0      0      0      0      0      0      0      0      0      0      0      0      0      0      0      0      0      0      0      2      0      0      0      0      0      0      0      0      0      0      0      0      0      0      0      0      0      0      0      0      0      0     
0x7b200527abe0           LEA.HI R10, R7, R10, RZ, 0x1c                               31     7      31     65536  2097152  2097152  32     32     0      -             -          -      0       0      0        0        0       0       0        0       -      0      0      0      0      0      0      0      0      1      0      0      0      0      9      0      0      0      0      12     7      0      0      0      2      0      0      1      0      0      0      0      6      0      0      0      0      0      0      0      0      0      0     
0x7b200527abf0           IMAD.SHL.U32 R13, R13, 0x2, RZ                              4      0      4      65536  2097152  2097152  32     32     0      -             -          -      0       0      0        0        0       0       0        0       -      0      0      0      0      0      0      0      0      0      0      0      0      0      0      0      0      0      0      0      4      0      0      0      0      0      0      0      0      0      0      0      0      0      0      0      0      0      0      0      0      0      0     
0x7b200527ac00           LOP3.LUT R7, R4, 0xf0, RZ, 0xc0, !PT                        1      0      1      65536  2097152  2097152  32     32     0      -             -          -      0       0      0        0        0       0       0        0       -      0      0      0      0      0      0      0      0      0      0      0      0      0      0      0      0      0      0      0      1      0      0      0      0      0      0      0      0      0      0      0      0      0      0      0      0      0      0      0      0      0      0     
0x7b200527ac10           IMAD.SHL.U32 R5, R5, 0x2, RZ                                1      0      1      65536  2097152  2097152  32     32     0      -             -          -      0       0      0        0        0       0       0        0       -      0      0      0      0      0      0      0      0      0      0      0      0      0      0      0      0      0      0      0      1      0      0      0      0      0      0      0      0      0      0      0      0      0      0      0      0      0      0      0      0      0      0     
0x7b200527ac20           PRMT R8, R8, 0x5410, R9                                     3      0      3      65536  2097152  2097152  32     32     0      -             -          -      0       0      0        0        0       0       0        0       -      0      0      0      0      0      0      0      0      0      0      0      0      0      0      0      0      0      0      0      3      0      0      0      0      0      0      0      0      0      0      0      0      0      0      0      0      0      0      0      0      0      0     
0x7b200527ac30           IMAD.SHL.U32 R10, R10, 0x2, RZ                              2      0      2      65536  2097152  2097152  32     32     0      -             -          -      0       0      0        0        0       0       0        0       -      0      0      0      0      0      0      0      0      0      0      0      0      0      0      0      0      0      0      0      2      0      0      0      0      0      0      0      0      0      0      0      0      0      0      0      0      0      0      0      0      0      0     
0x7b200527ac40           PRMT R17, R12, 0x5410, R13                                  4      0      4      65536  2097152  2097152  32     32     0      -             -          -      0       0      0        0        0       0       0        0       -      0      0      0      0      0      0      0      0      0      0      0      0      0      0      0      0      0      0      0      4      0      0      0      0      0      0      0      0      0      0      0      0      0      0      0      0      0      0      0      0      0      0     
0x7b200527ac50           LEA R4, P2, R5, c[0x0][0x190], 0x2                          8      0      8      65536  2097152  2097152  32     32     0      -             -          -      0       0      0        0        0       0       0        0       -      0      0      0      0      0      0      0      0      0      0      0      0      0      1      0      0      0      0      1      4      0      0      0      2      0      0      0      0      0      0      0      0      0      0      0      0      0      0      0      0      0      0     
0x7b200527ac60           SHF.R.U32.HI R9, RZ, 0x1, R28                               8      3      8      65536  2097152  2097152  32     32     0      -             -          -      0       0      0        0        0       0       0        0       -      0      0      0      0      0      0      0      0      0      0      0      0      0      0      0      0      0      0      2      3      0      0      0      3      0      0      0      0      0      0      0      0      0      0      0      0      0      0      0      0      0      3     
0x7b200527ac70           IMAD.SHL.U32 R28, R67, 0x2, RZ                              0      0      0      65536  2097152  2097152  32     32     0      -             -          -      0       0      0        0        0       0       0        0       -      0      0      0      0      0      0      0      0      0      0      0      0      0      0      0      0      0      0      0      0      0      0      0      0      0      0      0      0      0      0      0      0      0      0      0      0      0      0      0      0      0      0     
0x7b200527ac80           LEA.HI R13, R2, R7, RZ, 0x1c                                4      0      4      65536  2097152  2097152  32     32     0      -             -          -      0       0      0        0        0       0       0        0       -      0      0      0      0      0      0      0      0      0      0      0      0      0      0      0      0      0      1      0      3      0      0      0      0      0      0      0      0      0      0      0      0      0      0      0      0      0      0      0      0      0      0     
0x7b200527ac90           PRMT R15, R1, 0x5410, R10                                   32     10     32     65536  2097152  2097152  32     32     0      -             -          -      0       0      0        0        0       0       0        0       -      0      0      0      0      0      0      0      0      0      0      0      0      0      14     0      0      0      0      9      5      0      0      0      4      0      0      0      0      0      0      0      8      0      0      0      0      0      0      0      0      0      2     
0x7b200527aca0           IMAD R2, R30, 0x200, R9                                     5      0      5      65536  2097152  2097152  32     32     0      -             -          -      0       0      0        0        0       0       0        0       -      0      0      0      0      0      0      0      0      0      0      0      0      0      0      0      0      0      0      0      5      0      0      0      0      0      0      0      0      0      0      0      0      0      0      0      0      0      0      0      0      0      0     
0x7b200527acb0           SHF.R.U32.HI R7, RZ, 0x10, R6                               6      0      6      65536  2097152  2097152  32     32     0      -             -          -      0       0      0        0        0       0       0        0       -      0      0      0      0      0      0      0      0      0      0      0      0      0      0      0      0      0      0      0      6      0      0      0      0      0      0      0      0      0      0      0      0      0      0      0      0      0      0      0      0      0      0     
0x7b200527acc0           IMAD.SHL.U32 R16, R13, 0x2, RZ                              4      0      4      65536  2097152  2097152  32     32     0      -             -          -      0       0      0        0        0       0       0        0       -      0      0      0      0      0      0      0      0      0      0      0      0      0      0      0      0      0      0      0      4      0      0      0      0      0      0      0      0      0      0      0      0      0      0      0      0      0      0      0      0      0      0     
0x7b200527acd0           SHF.R.U32.HI R10, RZ, 0x10, R8                              2      0      2      65536  2097152  2097152  32     32     0      -             -          -      0       0      0        0        0       0       0        0       -      0      0      0      0      0      0      0      0      0      0      0      0      0      0      0      0      0      0      0      2      0      0      0      0      0      0      0      0      0      0      0      0      0      0      0      0      0      0      0      0      0      0     
0x7b200527ace0           LEA.HI.X R5, R5, c[0x0][0x194], RZ, 0x2, P2                 10     2      10     65536  2097152  2097152  32     32     0      -             -          -      0       0      0        0        0       0       0        0       -      0      0      0      0      0      0      0      0      0      0      0      0      0      0      0      0      0      0      1      3      0      0      0      6      0      0      0      0      0      0      0      0      0      0      0      0      0      0      0      0      0      2     
0x7b200527acf0           LEA R6, P2, R7, c[0x0][0x190], 0x2                          8      2      8      65536  2097152  2097152  32     32     0      -             -          -      0       0      0        0        0       0       0        0       -      0      0      0      0      0      0      0      0      0      0      0      0      0      1      0      0      0      0      0      3      0      0      0      4      0      0      0      0      0      0      0      0      0      0      0      0      0      0      0      0      0      2     
0x7b200527ad00           LOP3.LUT R9, R8, 0x7ffe, RZ, 0xc0, !PT                      7      3      7      65536  2097152  2097152  32     32     0      -             -          -      0       0      0        0        0       0       0        0       -      0      0      0      0      0      0      0      0      0      0      0      0      0      0      0      0      0      1      1      3      0      0      0      2      0      0      0      0      0      0      0      0      0      0      0      1      0      0      0      0      0      2     
0x7b200527ad10     @!PT  LDS RZ, [RZ]                                                136    120    136    65536  2097152  0        32     0      0                    Load       32     0       0      0        0        0       0       0        0       -      0      0      0      0      0      0      0      0      0      0      0      0      0      0      0      126    0      0      7      3      0      0      0      0      0      0      0      0      0      0      0      0      0      120    0      0      0      0      0      0      0      0     
0x7b200527ad20     @!PT  LDS RZ, [RZ]                                                101    81     101    65536  2097152  0        32     0      0                    Load       32     0       0      0        0        0       0       0        0       -      0      0      0      0      0      0      0      0      0      0      0      0      0      0      0      89     0      0      8      4      0      0      0      0      0      0      0      0      0      0      0      0      0      81     0      0      0      0      0      0      0      0     
0x7b200527ad30     @!PT  LDS RZ, [RZ]                                                136    121    136    65536  2097152  0        32     0      0                    Load       32     0       0      0        0        0       0       0        0       -      0      0      0      0      0      0      0      0      0      0      0      0      0      0      0      129    0      0      6      1      0      0      0      0      0      0      0      0      0      0      0      0      0      121    0      0      0      0      0      0      0      0     
0x7b200527ad40           LDGSTS.E.64 [R2], [R4.64], !P1                              241    201    241    65536  2097152  2097152  32     32     0      Global,Shared Load,Store 64     915856  32     1966080  2097152  131072  1137177 1661465  524288         0      0      0      0      0      0      0      0      0      0      0      16     0      0      0      211    0      0      10     4      0      0      0      0      0      0      0      0      0      15     0      0      0      186    0      0      0      0      0      0      0      0     
0x7b200527ad50           LEA R12, P4, R10, c[0x0][0x190], 0x2                        6      0      6      65536  2097152  2097152  32     32     0      -             -          -      0       0      0        0        0       0       0        0       -      0      0      0      0      0      0      0      0      0      0      0      0      0      0      0      0      0      0      0      6      0      0      0      0      0      0      0      0      0      0      0      0      0      0      0      0      0      0      0      0      0      0     
0x7b200527ad60           LEA.HI.X R7, R7, c[0x0][0x194], RZ, 0x2, P2                 19     6      19     65536  2097152  2097152  32     32     0      -             -          -      0       0      0        0        0       0       0        0       -      0      0      0      0      0      0      0      0      1      0      0      0      0      7      0      0      0      0      5      4      0      0      0      2      0      0      0      0      0      0      0      5      0      0      0      0      0      0      0      0      0      1     
0x7b200527ad70           LEA R8, P3, R9, c[0x0][0x190], 0x2                          5      1      5      65536  2097152  2097152  32     32     0      -             -          -      0       0      0        0        0       0       0        0       -      0      0      0      0      0      0      0      0      0      0      0      0      0      0      0      0      0      0      1      3      0      0      0      1      0      0      0      0      0      0      0      0      0      0      0      0      0      0      0      0      0      1     
0x7b200527ad80           LEA.HI.X R13, R10, c[0x0][0x194], RZ, 0x2, P4               9      5      9      65536  2097152  2097152  32     32     0      -             -          -      0       0      0        0        0       0       0        0       -      0      0      0      0      0      0      0      0      0      0      0      0      0      1      0      0      0      0      0      2      0      0      0      6      0      0      0      0      0      0      0      1      0      0      0      0      0      0      0      0      0      4     
0x7b200527ad90           LDGSTS.E.64 [R2+0x40], [R6.64], !P1                         357    309    357    65536  2097152  2097152  32     32     0      Global,Shared Load,Store 64     915790  32     1966080  2097152  131072  1136125 1660413  524288         0      0      0      0      0      0      0      0      0      0      0      25     0      0      0      317    0      0      10     5      0      0      0      0      0      0      0      0      0      20     0      0      0      289    0      0      0      0      0      0      0      0     
0x7b200527ada0           LEA R14, P2, R16, c[0x0][0x190], 0x2                        2      0      2      65536  2097152  2097152  32     32     0      -             -          -      0       0      0        0        0       0       0        0       -      0      0      0      0      0      0      0      0      0      0      0      0      0      0      0      0      0      0      0      2      0      0      0      0      0      0      0      0      0      0      0      0      0      0      0      0      0      0      0      0      0      0     
0x7b200527adb0           SHF.R.U32.HI R10, RZ, 0x10, R15                             7      1      7      65536  2097152  2097152  32     32     0      -             -          -      0       0      0        0        0       0       0        0       -      0      0      0      0      0      0      0      0      0      0      0      0      0      0      0      0      0      0      2      4      0      0      0      1      0      0      0      0      0      0      0      0      0      0      0      0      0      0      0      0      0      1     
0x7b200527adc0           LEA.HI.X R9, R9, c[0x0][0x194], RZ, 0x2, P3                 4      2      4      65536  2097152  2097152  32     32     0      -             -          -      0       0      0        0        0       0       0        0       -      0      0      0      0      0      0      0      0      0      0      0      0      0      0      0      0      0      0      0      2      0      0      0      2      0      0      0      0      0      0      0      0      0      0      0      0      0      0      0      0      0      2     
0x7b200527add0           LEA.HI.X R15, R16, c[0x0][0x194], RZ, 0x2, P2               24     7      24     65536  2097152  2097152  32     32     0      -             -          -      0       0      0        0        0       0       0        0       -      0      0      0      0      0      0      0      0      0      0      0      0      0      8      0      0      0      0      8      5      0      0      0      3      0      0      0      0      0      0      0      4      0      0      0      0      0      0      0      0      0      3     
0x7b200527ade0           LOP3.LUT R19, R17, 0x7ffe, RZ, 0xc0, !PT                    8      2      8      65536  2097152  2097152  32     32     0      -             -          -      0       0      0        0        0       0       0        0       -      0      0      0      0      0      0      0      0      0      0      0      0      0      0      0      0      0      0      1      4      0      0      0      3      0      0      0      0      0      0      0      0      0      0      0      0      0      0      0      0      0      2     
0x7b200527adf0           LDGSTS.E.64 [R2+0x80], [R8.64], !P1                         338    301    338    65536  2097152  2097152  32     32     0      Global,Shared Load,Store 64     915732  32     1966080  2097152  131072  1136650 1660938  524288         0      0      0      0      0      0      0      0      1      0      0      39     0      0      0      284    0      0      10     4      0      0      0      0      0      0      0      0      0      35     0      0      0      266    0      0      0      0      0      0      0      0     
0x7b200527ae00           LEA R16, P2, R10, c[0x0][0x190], 0x2                        4      0      4      65536  2097152  2097152  32     32     0      -             -          -      0       0      0        0        0       0       0        0       -      0      0      0      0      0      0      0      0      0      0      0      0      0      0      0      0      0      0      0      4      0      0      0      0      0      0      0      0      0      0      0      0      0      0      0      0      0      0      0      0      0      0     
0x7b200527ae10           IMAD.MOV.U32 R7, RZ, RZ, -0x800000                          250    212    250    65536  2097152  2097152  32     32     0      -             -          -      0       0      0        0        0       0       0        0       -      0      0      0      0      0      0      0      0      0      0      0      0      243    2      0      0      0      0      3      2      0      0      0      0      0      0      0      0      0      0      211    1      0      0      0      0      0      0      0      0      0      0     
0x7b200527ae20           SHF.R.U32.HI R4, RZ, 0x10, R17                              5      0      5      65536  2097152  2097152  32     32     0      -             -          -      0       0      0        0        0       0       0        0       -      0      0      0      0      0      0      0      0      0      0      0      0      0      0      0      0      0      0      0      5      0      0      0      0      0      0      0      0      0      0      0      0      0      0      0      0      0      0      0      0      0      0     
0x7b200527ae30           LDGSTS.E.64 [R2+0xc0], [R12.64], !P1                        294    267    294    65536  2097152  2097152  32     32     0      Global,Shared Load,Store 64     915527  32     1966080  2097152  131072  1136581 1660869  524288         0      0      0      0      0      0      0      0      0      0      0      34     0      0      0      252    0      0      4      4      0      0      0      0      0      0      0      0      0      33     0      0      0      234    0      0      0      0      0      0      0      0     
0x7b200527ae40           LEA R18, P3, R19, c[0x0][0x190], 0x2                        3      0      3      65536  2097152  2097152  32     32     0      -             -          -      0       0      0        0        0       0       0        0       -      0      0      0      0      0      0      0      0      0      0      0      0      0      0      0      0      0      0      0      3      0      0      0      0      0      0      0      0      0      0      0      0      0      0      0      0      0      0      0      0      0      0     
0x7b200527ae50           LEA.HI.X R17, R10, c[0x0][0x194], RZ, 0x2, P2               5      1      5      65536  2097152  2097152  32     32     0      -             -          -      0       0      0        0        0       0       0        0       -      0      0      0      0      0      0      0      0      0      0      0      0      0      0      0      0      0      0      2      2      0      0      0      1      0      0      0      0      0      0      0      0      0      0      0      0      0      0      0      0      0      1     
0x7b200527ae60           LDGSTS.E.64 [R2+0x100], [R14.64], !P1                       227    205    227    65536  2097152  2097152  32     32     0      Global,Shared Load,Store 64     916121  32     1966080  2097152  131072  1136268 1660556  524288         0      0      0      0      0      0      0      0      1      0      0      23     0      0      0      192    0      0      5      6      0      0      0      0      0      0      1      0      0      20     0      0      0      184    0      0      0      0      0      0      0      0     
0x7b200527ae70           LEA.HI.X R19, R19, c[0x0][0x194], RZ, 0x2, P3               4      0      4      65536  2097152  2097152  32     32     0      -             -          -      0       0      0        0        0       0       0        0       -      0      0      0      0      0      0      0      0      0      0      0      0      0      0      0      0      0      0      0      4      0      0      0      0      0      0      0      0      0      0      0      0      0      0      0      0      0      0      0      0      0      0     
0x7b200527ae80           SHF.R.U32.HI R5, RZ, 0x3, R67                               20     5      20     65536  2097152  2097152  32     32     0      -             -          -      0       0      0        0        0       0       0        0       -      0      0      0      0      0      0      0      0      0      0      0      0      0      8      0      0      0      0      8      4      0      0      0      0      0      0      0      0      0      0      0      5      0      0      0      0      0      0      0      0      0      0     
0x7b200527ae90           LDGSTS.E.64 [R2+0x140], [R16.64], !P1                       361    320    361    65536  2097152  2097152  32     32     0      Global,Shared Load,Store 64     915847  32     1966080  2097152  131072  1135999 1660287  524288         0      0      0      0      0      0      0      0      0      0      0      43     0      0      0      305    0      0      9      4      0      0      0      0      0      0      0      0      0      40     0      0      0      280    0      0      0      0      0      0      0      0     
0x7b200527aea0           LEA R8, P2, R4, c[0x0][0x190], 0x2                          41     33     41     65536  2097152  2097152  32     32     0      -             -          -      0       0      0        0        0       0       0        0       -      0      0      0      0      0      0      0      0      0      0      0      0      37     1      0      0      0      0      1      2      0      0      0      0      0      0      0      0      0      0      33     0      0      0      0      0      0      0      0      0      0      0     
0x7b200527aeb0           LOP3.LUT R6, R67, 0x3c, RZ, 0xc0, !PT                       4      0      4      65536  2097152  2097152  32     32     0      -             -          -      0       0      0        0        0       0       0        0       -      0      0      0      0      0      0      0      0      0      0      0      0      0      0      0      0      0      0      1      1      0      0      0      2      0      0      0      0      0      0      0      0      0      0      0      0      0      0      0      0      0      0     
0x7b200527aec0           LDGSTS.E.64 [R2+0x180], [R18.64], !P1                       351    311    351    65536  2097152  2097152  32     32     0      Global,Shared Load,Store 64     915846  32     1966080  2097152  131072  1136439 1660727  524288         0      0      0      0      0      0      0      0      1      0      0      35     0      0      0      306    0      0      6      3      0      0      0      0      0      0      0      0      0      33     0      0      0      278    0      0      0      0      0      0      0      0     
0x7b200527aed0           LEA.HI.X R9, R4, c[0x0][0x194], RZ, 0x2, P2                 4      0      4      65536  2097152  2097152  32     32     0      -             -          -      0       0      0        0        0       0       0        0       -      0      0      0      0      0      0      0      0      0      0      0      0      0      0      0      0      0      0      0      4      0      0      0      0      0      0      0      0      0      0      0      0      0      0      0      0      0      0      0      0      0      0     
0x7b200527aee0           IMAD.MOV.U32 R4, RZ, RZ, -0x800000                          4      0      4      65536  2097152  2097152  32     32     0      -             -          -      0       0      0        0        0       0       0        0       -      0      0      0      0      0      0      0      0      0      0      0      0      0      0      0      0      0      0      0      4      0      0      0      0      0      0      0      0      0      0      0      0      0      0      0      0      0      0      0      0      0      0     
0x7b200527aef0           LOP3.LUT R5, R5, 0x4, RZ, 0xc0, !PT                         6      0      6      65536  2097152  2097152  32     32     0      -             -          -      0       0      0        0        0       0       0        0       -      0      0      0      0      0      0      0      0      0      0      0      0      0      0      0      0      0      0      0      6      0      0      0      0      0      0      0      0      0      0      0      0      0      0      0      0      0      0      0      0      0      0     
0x7b200527af00           IMAD R65, R6, 0x80, R59                                     1      0      1      65536  2097152  2097152  32     32     0      -             -          -      0       0      0        0        0       0       0        0       -      0      0      0      0      0      0      0      0      0      0      0      0      0      0      0      0      0      0      0      1      0      0      0      0      0      0      0      0      0      0      0      0      0      0      0      0      0      0      0      0      0      0     
0x7b200527af10           LOP3.LUT R60, R60, 0x70, R28, 0x78, !PT                     4      0      4      65536  2097152  2097152  32     32     0      -             -          -      0       0      0        0        0       0       0        0       -      0      0      0      0      0      0      0      0      0      0      0      0      0      0      0      0      0      0      0      4      0      0      0      0      0      0      0      0      0      0      0      0      0      0      0      0      0      0      0      0      0      0     
0x7b200527af20           LDGSTS.E.64 [R2+0x1c0], [R8.64], !P1                        312    276    312    65536  2097152  2097152  32     32     0      Global,Shared Load,Store 64     915811  32     1966080  2097152  131072  1136343 1660631  524288         0      0      0      0      0      0      0      0      3      0      0      37     0      0      0      262    0      0      4      6      0      0      0      0      0      0      2      0      0      34     0      0      0      240    0      0      0      0      0      0      0      0     
0x7b200527af30           CS2R R12, SRZ                                               27     19     27     65536  2097152  2097152  32     32     0      -             -          -      0       0      0        0        0       0       0        0       -      0      0      0      0      0      0      0      0      0      0      0      0      21     1      0      0      0      0      2      3      0      0      0      0      0      0      0      0      0      0      18     1      0      0      0      0      0      0      0      0      0      0     
0x7b200527af40           CS2R R14, SRZ                                               45     35     45     65536  2097152  2097152  32     32     0      -             -          -      0       0      0        0        0       0       0        0       -      0      0      0      0      0      0      0      0      0      0      0      0      33     6      0      0      0      0      1      5      0      0      0      0      0      0      0      0      0      0      32     3      0      0      0      0      0      0      0      0      0      0     
0x7b200527af50           CS2R R16, SRZ                                               115    96     115    65536  2097152  2097152  32     32     0      -             -          -      0       0      0        0        0       0       0        0       -      0      0      0      0      0      0      0      0      0      0      0      0      102    3      0      0      0      0      8      2      0      0      0      0      0      0      0      0      0      0      93     3      0      0      0      0      0      0      0      0      0      0     
0x7b200527af60           LDGDEPBAR                                                   417    385    417    65536  2097152  2097152  32     32     0      -             -          -      0       0      0        0        0       0       0        0       -      0      0      0      0      0      0      0      0      0      0      0      31     0      0      0      372    0      0      11     3      0      0      0      0      0      0      0      0      0      31     0      0      0      354    0      0      0      0      0      0      0      0     
0x7b200527af70           IMAD.IADD R6, R66, 0x1, R5                                  1      0      1      65536  2097152  2097152  32     32     0      -             -          -      0       0      0        0        0       0       0        0       -      0      0      0      0      0      0      0      0      0      0      0      0      0      0      0      0      0      0      0      1      0      0      0      0      0      0      0      0      0      0      0      0      0      0      0      0      0      0      0      0      0      0     
0x7b200527af80           CS2R R18, SRZ                                               88     71     88     65536  2097152  2097152  32     32     0      -             -          -      0       0      0        0        0       0       0        0       -      0      0      0      0      0      0      0      0      0      0      0      0      82     3      0      0      0      0      2      1      0      0      0      0      0      0      0      0      0      0      71     0      0      0      0      0      0      0      0      0      0      0     
0x7b200527af90           LEA R8, R31, 0x4000, 0x4                                    146    124    146    65536  2097152  2097152  32     32     0      -             -          -      0       0      0        0        0       0       0        0       -      0      0      0      0      0      0      0      0      0      0      0      0      132    4      0      0      0      0      5      5      0      0      0      0      0      0      0      0      0      0      123    1      0      0      0      0      0      0      0      0      0      0     
0x7b200527afa0           IMAD R57, R3, 0x8, R8                                       24     13     24     65536  2097152  2097152  32     32     0      -             -          -      0       0      0        0        0       0       0        0       -      0      0      0      0      0      0      0      0      0      0      0      0      0      1      0      0      0      0      1      4      0      0      0      18     0      0      0      0      0      0      0      1      0      0      0      0      0      0      0      0      0      12    
0x7b200527afb0           LOP3.LUT R3, R60, 0x10, RZ, 0x3c, !PT                       2      0      2      65536  2097152  2097152  32     32     0      -             -          -      0       0      0        0        0       0       0        0       -      0      0      0      0      0      0      0      0      1      0      0      0      0      0      0      0      0      0      0      1      0      0      0      0      0      0      0      0      0      0      0      0      0      0      0      0      0      0      0      0      0      0     
0x7b200527afc0           SHF.R.U32.HI R5, RZ, 0x2, R67                               167    122    167    524288 16777216 16777216 32     32     0      -             -          -      0       0      0        0        0       0       0        0       -      0      0      0      0      0      0      0      83     0      0      0      0      0      11     0      0      0      58     12     1      0      0      0      2      0      73     0      0      0      0      0      3      0      0      0      45     0      0      0      0      0      1     
0x7b200527afd0           IMAD.MOV.U32 R31, RZ, RZ, RZ                                25     0      25     524288 16777216 16777216 32     32     0      -             -          -      0       0      0        0        0       0       0        0       -      0      0      0      0      0      0      0      0      1      0      0      0      0      0      0      0      0      0      0      24     0      0      0      0      0      0      0      0      0      0      0      0      0      0      0      0      0      0      0      0      0      0     
0x7b200527afe0           SHF.R.U32.HI R30, RZ, 0x3, R67                              30     1      30     524288 16777216 16777216 32     32     0      -             -          -      0       0      0        0        0       0       0        0       -      0      0      0      0      0      0      0      0      0      0      0      0      0      1      0      0      0      0      0      29     0      0      0      0      0      0      0      0      0      0      0      1      0      0      0      0      0      0      0      0      0      0     
0x7b200527aff0           IMAD.MOV.U32 R29, RZ, RZ, c[0x0][0x1a8]                     24     0      24     524288 16777216 16777216 32     32     0      -             -          -      0       0      0        0        0       0       0        0       -      0      0      0      0      0      0      0      0      0      0      0      0      0      0      0      0      0      0      0      24     0      0      0      0      0      0      0      0      0      0      0      0      0      0      0      0      0      0      0      0      0      0     
0x7b200527b000           SGXT.U32 R5, R5, 0x4                                        28     2      28     524288 16777216 16777216 32     32     0      -             -          -      0       0      0        0        0       0       0        0       -      0      0      0      0      0      0      0      0      0      0      0      0      0      0      0      0      0      2      1      25     0      0      0      0      0      0      0      0      0      0      0      0      0      0      0      2      0      0      0      0      0      0     
0x7b200527b010           DEPBAR.LE SB0, 0x0                                          30     0      30     524288 16777216 16777216 32     32     0      -             -          -      0       0      0        0        0       0       0        0       -      0      0      0      0      0      0      0      0      0      0      0      0      0      0      0      0      0      0      0      30     0      0      0      0      0      0      0      0      0      0      0      0      0      0      0      0      0      0      0      0      0      0     
0x7b200527b020           IADD3 R5, R5, UR7, RZ                                       18821  15812  18821  524288 16777216 16777216 32     32     0      -             -          -      0       0      0        0        0       0       0        0       -      0      0      0      0      0      0      0      0      7      0      0      0      18474  107    0      0      0      0      130    31     0      0      0      72     0      0      1      0      0      0      15700  56     0      0      0      0      0      0      0      0      0      55    
0x7b200527b030           SGXT.U32 R30, R30, 0x4                                      65     28     65     524288 16777216 16777216 32     32     0      -             -          -      0       0      0        0        0       0       0        0       -      0      0      0      0      0      0      0      0      2      0      0      0      0      4      0      0      0      0      6      24     0      0      0      29     0      0      1      0      0      0      0      2      0      0      0      0      0      0      0      0      0      25    
0x7b200527b040           SHF.R.S32.HI R8, RZ, 0x1f, R5                               61     30     61     524288 16777216 16777216 32     32     0      -             -          -      0       0      0        0        0       0       0        0       -      0      0      0      0      0      0      0      0      2      0      0      0      0      3      0      0      0      0      2      18     0      0      0      36     0      0      1      0      0      0      0      1      0      0      0      0      0      0      0      0      0      28    
0x7b200527b050           ISETP.GE.AND P2, PT, R5, UR6, PT                            64     28     64     524288 16777216 16777216 32     32     0      -             -          -      0       0      0        0        0       0       0        0       -      0      0      0      0      0      0      0      0      1      0      0      0      0      1      0      0      0      0      5      21     0      0      0      36     0      0      1      0      0      0      0      1      0      0      0      0      0      0      0      0      0      26    
0x7b200527b060           LEA.HI R10, R8, R5, RZ, 0x4                                 66     19     66     524288 16777216 16777216 32     32     0      -             -          -      0       0      0        0        0       0       0        0       -      0      0      0      0      0      0      0      0      1      0      0      0      0      3      0      0      0      0      5      32     0      0      0      25     0      0      1      0      0      0      0      1      0      0      0      0      0      0      0      0      0      17    
0x7b200527b070           SHF.R.S32.HI R3, RZ, 0x4, R10                               204    68     204    524288 16777216 16777216 32     32     0      -             -          -      0       0      0        0        0       0       0        0       -      0      0      0      0      0      0      0      0      4      0      0      0      0      39     0      0      0      0      65     26     0      0      0      70     0      0      1      0      0      0      0      22     0      0      0      0      0      0      0      0      0      45    
0x7b200527b080           LEA R8, P1, R3, UR12, 0x2                                   199    82     199    524288 16777216 16777216 32     32     0      -             -          -      0       0      0        0        0       0       0        0       -      0      0      0      0      0      0      0      0      2      0      0      0      0      24     0      0      0      0      45     27     0      0      0      101    0      0      2      0      0      0      0      14     0      0      0      0      0      0      0      0      0      66    
0x7b200527b090           LEA.HI.X.SX32 R9, R3, UR13, 0x2, P1                         163    70     163    524288 16777216 16777216 32     32     0      -             -          -      0       0      0        0        0       0       0        0       -      0      0      0      0      0      0      0      0      2      0      0      0      0      22     0      0      0      0      25     28     0      0      0      86     0      0      0      0      0      0      0      10     0      0      0      0      0      0      0      0      0      60    
0x7b200527b0a0     @!P2  LDG.E R31, [R8.64]                                          1858   1632   1858   524288 16777216 16777216 32     32     0      Global        Load       32     524288  0      0        0        0       0       524288   524288         0      0      0      0      0      0      0      0      2      0      0      209    0      0      0      1454   0      0      62     29     0      0      0      102    0      0      0      0      0      199    0      0      0      1362   0      0      0      0      0      0      0      71    
0x7b200527b0b0           IADD3 R3, R30, UR7, RZ                                      24     0      24     524288 16777216 16777216 32     32     0      -             -          -      0       0      0        0        0       0       0        0       -      0      0      0      0      0      0      0      0      3      0      0      0      0      0      0      0      0      0      0      21     0      0      0      0      0      0      0      0      0      0      0      0      0      0      0      0      0      0      0      0      0      0     
0x7b200527b0c0           LOP3.LUT R10, R10, 0xfffffff0, RZ, 0xc0, !PT                62     26     62     524288 16777216 16777216 32     32     0      -             -          -      0       0      0        0        0       0       0        0       -      0      0      0      0      0      0      0      0      1      0      0      0      0      5      0      0      0      0      6      26     0      0      0      24     0      0      1      0      0      0      0      3      0      0      0      0      0      0      0      0      0      22    
0x7b200527b0d0           SHF.R.S32.HI R30, RZ, 0x1f, R3                              68     26     68     524288 16777216 16777216 32     32     0      -             -          -      0       0      0        0        0       0       0        0       -      0      0      0      0      0      0      0      0      0      0      0      0      0      3      0      0      0      0      4      29     0      0      0      32     0      0      0      0      0      0      0      1      0      0      0      0      0      0      0      0      0      25    
0x7b200527b0e0           ISETP.GE.AND P1, PT, R3, UR6, PT                            53     17     53     524288 16777216 16777216 32     32     0      -             -          -      0       0      0        0        0       0       0        0       -      0      0      0      0      0      0      0      0      4      0      0      0      0      0      0      0      0      0      1      30     0      0      0      18     0      0      1      0      0      0      0      0      0      0      0      0      0      0      0      0      0      16    
0x7b200527b0f0           IMAD.IADD R10, R5, 0x1, -R10                                30     0      30     524288 16777216 16777216 32     32     0      -             -          -      0       0      0        0        0       0       0        0       -      0      0      0      0      0      0      0      0      2      0      0      0      0      0      0      0      0      0      0      28     0      0      0      0      0      0      0      0      0      0      0      0      0      0      0      0      0      0      0      0      0      0     
0x7b200527b100           LEA.HI R9, R30, R3, RZ, 0x4                                 2400   2000   2400   524288 16777216 16777216 32     32     0      -             -          -      0       0      0        0        0       0       0        0       -      0      0      0      0      0      0      0      0      6      0      0      0      2266   38     0      0      0      0      63     27     0      0      0      0      0      0      3      0      0      0      1978   19     0      0      0      0      0      0      0      0      0      0     
0x7b200527b110           IMAD.MOV.U32 R5, RZ, RZ, RZ                                 35     0      35     524288 16777216 16777216 32     32     0      -             -          -      0       0      0        0        0       0       0        0       -      0      0      0      0      0      0      0      0      3      0      0      0      0      0      0      0      0      0      0      32     0      0      0      0      0      0      0      0      0      0      0      0      0      0      0      0      0      0      0      0      0      0     
0x7b200527b120           IMAD.SHL.U32 R30, R10, 0x2, RZ                              102    19     102    524288 16777216 16777216 32     32     0      -             -          -      0       0      0        0        0       0       0        0       -      0      0      0      0      0      0      0      0      1      0      0      0      0      16     0      0      0      0      30     33     0      0      0      22     0      0      1      0      0      0      0      6      0      0      0      0      0      0      0      0      0      12    
0x7b200527b130           SHF.R.S32.HI R8, RZ, 0x4, R9                                26     0      26     524288 16777216 16777216 32     32     0      -             -          -      0       0      0        0        0       0       0        0       -      0      0      0      0      0      0      0      0      0      0      0      0      0      0      0      0      0      0      0      26     0      0      0      0      0      0      0      0      0      0      0      0      0      0      0      0      0      0      0      0      0      0     
0x7b200527b140           IMAD.HI R10, R10, 0x2, RZ                                   18     0      18     524288 16777216 16777216 32     32     0      -             -          -      0       0      0        0        0       0       0        0       -      0      0      0      0      0      0      0      0      1      0      0      0      0      0      0      0      0      0      0      17     0      0      0      0      0      0      0      0      0      0      0      0      0      0      0      0      0      0      0      0      0      0     
0x7b200527b150           SHF.R.S32.HI R28, RZ, 0x1f, R31                             3298   2596   3298   524288 16777216 16777216 32     32     0      -             -          -      0       0      0        0        0       0       0        0       -      0      0      0      0      0      0      0      0      5      0      0      0      3179   41     0      0      0      0      51     22     0      0      0      0      0      0      1      0      0      0      2578   17     0      0      0      0      0      0      0      0      0      0     
0x7b200527b160           IMAD R32, R28, c[0x0][0x1a8], RZ                            184    66     184    524288 16777216 16777216 32     32     0      -             -          -      0       0      0        0        0       0       0        0       -      0      0      0      0      0      0      0      0      1      0      0      0      0      18     0      0      0      0      27     24     0      0      0      114    0      0      0      0      0      0      0      2      0      0      0      0      0      0      0      0      0      64    
0x7b200527b170           IMAD.WIDE.U32 R28, R31, R29, c[0x2][0x0]                    56     13     56     524288 16777216 16777216 32     32     0      -             -          -      0       0      0        0        0       0       0        0       -      0      0      0      0      0      0      0      0      0      0      0      0      0      4      0      0      0      0      5      25     0      0      0      22     0      0      0      0      0      0      0      0      0      0      0      0      0      0      0      0      0      13    
0x7b200527b180           IMAD R31, R31, UR4, R32                                     169    60     169    524288 16777216 16777216 32     32     0      -             -          -      0       0      0        0        0       0       0        0       -      0      0      0      0      0      0      0      0      11     0      0      0      0      26     0      0      0      0      19     27     0      0      0      86     0      0      1      0      0      0      0      4      0      0      0      0      0      0      0      0      0      55    
0x7b200527b190           IMAD.IADD R31, R29, 0x1, R31                                213    60     213    524288 16777216 16777216 32     32     0      -             -          -      0       0      0        0        0       0       0        0       -      0      0      0      0      0      0      0      0      3      0      0      0      0      10     0      0      0      0      19     38     0      0      0      143    0      0      0      0      0      0      0      4      0      0      0      0      0      0      0      0      0      56    
0x7b200527b1a0           LEA.HI R33, P3, R31, R28, RZ, 0x1                           232    97     232    524288 16777216 16777216 32     32     0      -             -          -      0       0      0        0        0       0       0        0       -      0      0      0      0      0      0      0      0      5      0      0      0      0      39     0      0      0      0      49     22     0      0      0      117    0      0      3      0      0      0      0      16     0      0      0      0      0      0      0      0      0      78    
0x7b200527b1b0           LEA R28, P4, R8, UR12, 0x2                                  74     26     74     524288 16777216 16777216 32     32     0      -             -          -      0       0      0        0        0       0       0        0       -      0      0      0      0      0      0      0      0      4      0      0      0      0      2      0      0      0      0      12     24     0      0      0      32     0      0      2      0      0      0      0      1      0      0      0      0      0      0      0      0      0      23    
0x7b200527b1c0           LOP3.LUT R33, R33, 0xfffffffe, RZ, 0xc0, !PT                61     27     61     524288 16777216 16777216 32     32     0      -             -          -      0       0      0        0        0       0       0        0       -      0      0      0      0      0      0      0      0      4      0      0      0      0      2      0      0      0      0      3      21     0      0      0      31     0      0      3      0      0      0      0      1      0      0      0      0      0      0      0      0      0      23    
0x7b200527b1d0           IMAD.X R31, RZ, RZ, R31, P3                                 39     0      39     524288 16777216 16777216 32     32     0      -             -          -      0       0      0        0        0       0       0        0       -      0      0      0      0      0      0      0      0      5      0      0      0      0      0      0      0      0      0      0      34     0      0      0      0      0      0      0      0      0      0      0      0      0      0      0      0      0      0      0      0      0      0     
0x7b200527b1e0           LEA.HI.X.SX32 R29, R8, UR13, 0x2, P4                        34     0      34     524288 16777216 16777216 32     32     0      -             -          -      0       0      0        0        0       0       0        0       -      0      0      0      0      0      0      0      0      4      0      0      0      0      0      0      0      0      0      0      30     0      0      0      0      0      0      0      0      0      0      0      0      0      0      0      0      0      0      0      0      0      0     
0x7b200527b1f0           IADD3 R30, P4, P5, R30, UR11, R33                           73     25     73     524288 16777216 16777216 32     32     0      -             -          -      0       0      0        0        0       0       0        0       -      0      0      0      0      0      0      0      0      1      0      0      0      0      4      0      0      0      0      4      34     0      0      0      30     0      0      1      0      0      0      0      1      0      0      0      0      0      0      0      0      0      23    
0x7b200527b200     @!P1  LDG.E R5, [R28.64]                                          1598   1424   1598   524288 16777216 16777216 32     32     0      Global        Load       32     524288  0      0        0        0       0       524288   524288         0      0      0      0      0      0      0      0      2      0      0      255    0      0      0      1210   0      0      53     22     0      0      0      56     0      0      1      0      0      243    0      0      0      1141   0      0      0      0      0      0      0      39    
0x7b200527b210           PRMT R8, RZ, 0x7610, R8                                     27     0      27     524288 16777216 16777216 32     32     0      -             -          -      0       0      0        0        0       0       0        0       -      0      0      0      0      0      0      0      0      1      0      0      0      0      0      0      0      0      0      0      26     0      0      0      0      0      0      0      0      0      0      0      0      0      0      0      0      0      0      0      0      0      0     
0x7b200527b220           IADD3.X R31, R10, UR5, R31, P4, P5                          71     23     71     524288 16777216 16777216 32     32     0      -             -          -      0       0      0        0        0       0       0        0       -      0      0      0      0      0      0      0      0      2      0      0      0      0      6      0      0      0      0      7      28     0      0      0      28     0      0      0      0      0      0      0      3      0      0      0      0      0      0      0      0      0      20    
0x7b200527b230           BAR.SYNC.DEFER_BLOCKING 0x0                                 884    789    884    524288 16777216 16777216 32     32     0      -             -          -      0       0      0        0        0       0       0        0       -      0      0      0      0      0      0      0      0      1      0      0      154    0      0      0      691    0      0      17     21     0      0      0      0      0      0      0      0      0      141    0      0      0      648    0      0      0      0      0      0      0      0     
0x7b200527b240     @!P2  LDG.E.U16 R8, [R30.64]                                      10236  8152   10236  524288 16777216 16777216 32     32     0      Global        Load       16     524288  0      0        0        0       0       524288   524288         0      0      0      0      0      0      9120   0      12     0      0      188    0      0      0      716    0      0      50     26     0      0      0      124    7218   0      3      0      0      173    0      0      0      680    0      0      0      0      0      0      0      78    
0x7b200527b250           LOP3.LUT R10, R48, 0x20, RZ, 0x3c, !PT                      29     0      29     524288 16777216 16777216 32     32     0      -             -          -      0       0      0        0        0       0       0        0       -      0      0      0      0      0      0      0      0      2      0      0      0      0      0      0      0      0      0      0      27     0      0      0      0      0      0      0      0      0      0      0      0      0      0      0      0      0      0      0      0      0      0     
0x7b200527b260           LOP3.LUT P4, RZ, R67, 0x43, RZ, 0xc0, !PT                   168    30     168    524288 16777216 16777216 32     32     0      -             -          -      0       0      0        0        0       0       0        0       -      0      0      0      0      0      0      0      0      7      0      0      0      0      42     0      0      0      0      70     27     0      0      0      22     0      0      1      0      0      0      0      13     0      0      0      0      0      0      0      0      0      16    
0x7b200527b270           LDS.128 R32, [R65+0x40]                                     711    622    711    524288 16777216 16777216 32     32     0      Shared        Load       128    0       8      2097152  4194304  2097152 0       0        0       -      0      0      0      0      0      0      0      0      3      0      0      0      0      0      0      665    0      0      25     18     0      0      0      0      0      0      1      0      0      0      0      0      0      621    0      0      0      0      0      0      0      0     
0x7b200527b280           LDS.64 R40, [R48+0x2000]                                    769    628    769    524288 16777216 16777216 32     32     0      Shared        Load       64     0       2      0        1048576  1048576 0       0        0       -      0      0      0      0      0      0      0      0      3      0      0      0      0      0      0      648    0      0      23     20     0      0      0      75     0      0      2      0      0      0      0      0      0      584    0      0      0      0      0      0      0      42    
0x7b200527b290           LDS.128 R28, [R65]                                          1311   1067   1311   524288 16777216 16777216 32     32     0      Shared        Load       128    0       8      2097152  4194304  2097152 0       0        0       -      0      0      0      0      0      0      0      0      7      0      0      0      784    0      0      383    0      0      41     21     0      0      0      75     0      0      3      0      0      0      674    0      0      346    0      0      0      0      0      0      0      44    
0x7b200527b2a0           LDS.64 R46, [R48+0x2800]                                    704    584    704    524288 16777216 16777216 32     32     0      Shared        Load       64     0       2      0        1048576  1048576 0       0        0       -      0      0      0      0      0      0      0      0      7      0      0      0      0      0      0      576    0      0      24     27     0      0      0      70     0      0      1      0      0      0      0      0      0      525    0      0      0      0      0      0      0      58    
0x7b200527b2b0           LDS.64 R42, [R10+0x2000]                                    785    646    785    524288 16777216 16777216 32     32     0      Shared        Load       64     0       2      0        1048576  1048576 0       0        0       -      0      0      0      0      0      0      0      0      0      0      0      0      0      0      0      648    0      0      30     22     0      0      0      85     0      0      0      0      0      0      0      0      0      589    0      0      0      0      0      0      0      57    
0x7b200527b2c0           LDS.64 R44, [R10+0x2800]                                    869    723    869    524288 16777216 16777216 32     32     0      Shared        Load       64     0       2      0        1048576  1048576 0       0        0       -      0      0      0      0      0      0      0      0      2      0      0      0      0      0      0      725    0      0      29     29     0      0      0      84     0      0      2      0      0      0      0      0      0      657    0      0      0      0      0      0      0      64    
0x7b200527b2d0           IMAD.MOV.U32 R37, RZ, RZ, R46                               2474   1884   2474   524288 16777216 16777216 32     32     0      -             -          -      0       0      0        0        0       0       0        0       -      0      0      0      0      0      0      0      0      3      0      0      0      0      9      0      0      0      0      17     21     2424   0      0      0      0      0      2      0      0      0      0      1      0      0      0      0      0      0      1881   0      0      0     
0x7b200527b2e0           IMAD.MOV.U32 R38, RZ, RZ, R42                               585    436    585    524288 16777216 16777216 32     32     0      -             -          -      0       0      0        0        0       0       0        0       -      0      0      0      0      0      0      0      0      4      0      0      0      0      6      0      0      0      0      18     28     498    0      0      31     0      0      3      0      0      0      0      2      0      0      0      0      0      0      406    0      0      25    
0x7b200527b2f0           IMAD.MOV.U32 R42, RZ, RZ, R43                               57     15     57     524288 16777216 16777216 32     32     0      -             -          -      0       0      0        0        0       0       0        0       -      0      0      0      0      0      0      0      0      2      0      0      0      0      2      0      0      0      0      4      26     0      0      0      23     0      0      0      0      0      0      0      0      0      0      0      0      0      0      0      0      0      15    
0x7b200527b300           IMAD.MOV.U32 R39, RZ, RZ, R44                               581    431    581    524288 16777216 16777216 32     32     0      -             -          -      0       0      0        0        0       0       0        0       -      0      0      0      0      0      0      0      0      0      0      0      0      0      5      0      0      0      0      18     23     508    0      0      27     0      0      0      0      0      0      0      0      0      0      0      0      0      0      410    0      0      21    
0x7b200527b310           IMAD.MOV.U32 R43, RZ, RZ, R45                               68     24     68     524288 16777216 16777216 32     32     0      -             -          -      0       0      0        0        0       0       0        0       -      0      0      0      0      0      0      0      0      0      0      0      0      0      2      0      0      0      0      4      31     0      0      0      31     0      0      0      0      0      0      0      2      0      0      0      0      0      0      0      0      0      22    
0x7b200527b320           LDS.64 R44, [R68+0x2800]                                    533    422    533    524288 16777216 16777216 32     32     0      Shared        Load       64     0       2      0        1048576  1048576 0       0        0       -      0      0      0      0      0      0      0      0      2      0      0      0      0      0      0      444    0      0      29     30     0      0      0      28     0      0      1      0      0      0      0      0      0      407    0      0      0      0      0      0      0      14    
0x7b200527b330           HADD2.F32 R8, -RZ, R8.H0_H0                                 7195   5042   7195   524288 16777216 16777216 32     32     0      -             -          -      0       0      0        0        0       0       0        0       -      0      0      0      0      0      0      0      0      3      0      0      0      7125   12     0      0      0      0      25     30     0      0      0      0      0      0      2      0      0      0      5039   1      0      0      0      0      0      0      0      0      0      0     
0x7b200527b340           FMUL R28, R28, R8                                           163    78     163    524288 16777216 16777216 32     32     0      -             -          -      0       0      0        0        0       0       0        0       -      0      0      0      0      0      0      0      0      4      0      0      0      0      0      0      0      0      0      22     36     0      0      0      101    0      0      2      0      0      0      0      0      0      0      0      0      0      0      0      0      0      76    
0x7b200527b350           FMUL R36, R29, R8                                           25     0      25     524288 16777216 16777216 32     32     0      -             -          -      0       0      0        0        0       0       0        0       -      0      0      0      0      0      0      0      0      0      0      0      0      0      0      0      0      0      0      0      25     0      0      0      0      0      0      0      0      0      0      0      0      0      0      0      0      0      0      0      0      0      0     
0x7b200527b360           FMUL R32, R32, R8                                           21     0      21     524288 16777216 16777216 32     32     0      -             -          -      0       0      0        0        0       0       0        0       -      0      0      0      0      0      0      0      0      1      0      0      0      0      0      0      0      0      0      0      20     0      0      0      0      0      0      0      0      0      0      0      0      0      0      0      0      0      0      0      0      0      0     
0x7b200527b370           FMUL R33, R33, R8                                           27     0      27     524288 16777216 16777216 32     32     0      -             -          -      0       0      0        0        0       0       0        0       -      0      0      0      0      0      0      0      0      0      0      0      0      0      0      0      0      0      0      0      27     0      0      0      0      0      0      0      0      0      0      0      0      0      0      0      0      0      0      0      0      0      0     
0x7b200527b380           FMUL R34, R34, R8                                           33     0      33     524288 16777216 16777216 32     32     0      -             -          -      0       0      0        0        0       0       0        0       -      0      0      0      0      0      0      0      0      1      0      0      0      0      0      0      0      0      0      0      32     0      0      0      0      0      0      0      0      0      0      0      0      0      0      0      0      0      0      0      0      0      0     
0x7b200527b390           FMUL R35, R35, R8                                           47     0      47     524288 16777216 16777216 32     32     0      -             -          -      0       0      0        0        0       0       0        0       -      0      0      0      0      0      0      0      0      7      0      0      0      0      0      0      0      0      0      0      40     0      0      0      0      0      0      0      0      0      0      0      0      0      0      0      0      0      0      0      0      0      0     
0x7b200527b3a0           F2FP.PACK_AB R28, R36, R28                                  31     0      31     524288 16777216 16777216 32     32     0      -             -          -      0       0      0        0        0       0       0        0       -      0      0      0      0      0      0      0      0      2      0      0      0      0      0      0      0      0      0      0      29     0      0      0      0      0      0      0      0      0      0      0      0      0      0      0      0      0      0      0      0      0      0     
0x7b200527b3b0           IMAD.MOV.U32 R36, RZ, RZ, R40                               46     0      46     524288 16777216 16777216 32     32     0      -             -          -      0       0      0        0        0       0       0        0       -      0      0      0      0      0      0      0      0      16     0      0      0      0      0      0      0      0      0      0      30     0      0      0      0      0      0      0      0      0      0      0      0      0      0      0      0      0      0      0      0      0      0     
0x7b200527b3c0           F2FP.PACK_AB R29, R33, R32                                  19     0      19     524288 16777216 16777216 32     32     0      -             -          -      0       0      0        0        0       0       0        0       -      0      0      0      0      0      0      0      0      1      0      0      0      0      0      0      0      0      0      0      18     0      0      0      0      0      0      0      0      0      0      0      0      0      0      0      0      0      0      0      0      0      0     
0x7b200527b3d0           FMUL R30, R30, R8                                           27     0      27     524288 16777216 16777216 32     32     0      -             -          -      0       0      0        0        0       0       0        0       -      0      0      0      0      0      0      0      0      0      0      0      0      0      0      0      0      0      0      0      27     0      0      0      0      0      0      0      0      0      0      0      0      0      0      0      0      0      0      0      0      0      0     
0x7b200527b3e0           FMUL R31, R31, R8                                           28     0      28     524288 16777216 16777216 32     32     0      -             -          -      0       0      0        0        0       0       0        0       -      0      0      0      0      0      0      0      0      0      0      0      0      0      0      0      0      0      0      0      28     0      0      0      0      0      0      0      0      0      0      0      0      0      0      0      0      0      0      0      0      0      0     
0x7b200527b3f0           F2FP.PACK_AB R53, R35, R34                                  47     0      47     524288 16777216 16777216 32     32     0      -             -          -      0       0      0        0        0       0       0        0       -      0      0      0      0      0      0      0      0      26     0      0      0      0      0      0      0      0      0      0      21     0      0      0      0      0      0      0      0      0      0      0      0      0      0      0      0      0      0      0      0      0      0     
0x7b200527b400           IMAD.MOV.U32 R40, RZ, RZ, R41                               19     0      19     524288 16777216 16777216 32     32     0      -             -          -      0       0      0        0        0       0       0        0       -      0      0      0      0      0      0      0      0      1      0      0      0      0      0      0      0      0      0      0      18     0      0      0      0      0      0      0      0      0      0      0      0      0      0      0      0      0      0      0      0      0      0     
0x7b200527b410           LDS.128 R32, [R65+0xc0]                                     461    409    461    524288 16777216 16777216 32     32     0      Shared        Load       128    0       8      2097152  4194304  2097152 0       0        0       -      0      0      0      0      0      0      0      0      1      0      0      0      0      0      0      429    0      0      8      23     0      0      0      0      0      0      0      0      0      0      0      0      0      409    0      0      0      0      0      0      0      0     
0x7b200527b420           IMAD.MOV.U32 R41, RZ, RZ, R47                               34     0      34     524288 16777216 16777216 32     32     0      -             -          -      0       0      0        0        0       0       0        0       -      0      0      0      0      0      0      0      0      5      0      0      0      0      0      0      0      0      0      0      29     0      0      0      0      0      0      0      0      0      0      0      0      0      0      0      0      0      0      0      0      0      0     
0x7b200527b430           HMMA.16816.F32 R36, R36, R28, RZ                            76     28     76     524288 16777216 16777216 32     32     0      -             -          -      0       0      0        0        0       0       0        0       -      0      0      0      0      0      0      0      0      0      0      0      0      0      46     0      0      0      0      2      28     0      0      0      0      0      0      0      0      0      0      0      28     0      0      0      0      0      0      0      0      0      0     
0x7b200527b440           F2FP.PACK_AB R52, R31, R30                                  32     0      32     524288 16777216 16777216 32     32     0      -             -          -      0       0      0        0        0       0       0        0       -      0      0      0      0      0      0      0      0      1      0      0      0      0      0      0      0      0      0      0      31     0      0      0      0      0      0      0      0      0      0      0      0      0      0      0      0      0      0      0      0      0      0     
0x7b200527b450           LDS.64 R46, [R69+0x2800]                                    609    521    609    524288 16777216 16777216 32     32     0      Shared        Load       64     0       2      0        1048576  1048576 0       0        0       -      0      0      0      0      0      0      0      0      2      0      0      0      0      0      0      559    0      0      16     32     0      0      0      0      0      0      2      0      0      0      0      0      0      519    0      0      0      0      0      0      0      0     
0x7b200527b460           LDS.128 R28, [R65+0x80]                                     779    592    779    524288 16777216 16777216 32     32     0      Shared        Load       128    0       8      2097152  4194304  2097152 0       0        0       -      0      0      0      0      0      0      0      0      27     0      0      0      0      0      0      599    0      0      35     34     0      0      0      84     0      0      9      0      0      0      0      0      0      546    0      0      0      0      0      0      0      37    
0x7b200527b470           NOP                                                         426    226    426    524288 16777216 16777216 32     32     0      -             -          -      0       0      0        0        0       0       0        0       -      0      0      0      0      0      0      0      0      6      0      0      0      0      0      0      0      0      0      23     23     0      0      0      374    0      0      1      0      0      0      0      0      0      0      0      0      0      0      0      0      0      225   
0x7b200527b480           HMMA.16816.F32 R36, R40, R52, R36                           481    286    481    524288 16777216 16777216 32     32     0      -             -          -      0       0      0        0        0       0       0        0       -      0      0      0      0      0      0      0      0      0      0      0      0      0      369    0      0      0      0      37     20     0      0      0      55     0      0      0      0      0      0      0      251    0      0      0      0      0      0      0      0      0      35    
0x7b200527b490           IMAD.MOV.U32 R43, RZ, RZ, R44                               388    281    388    524288 16777216 16777216 32     32     0      -             -          -      0       0      0        0        0       0       0        0       -      0      0      0      0      0      0      0      0      5      0      0      0      0      3      0      0      0      0      12     25     171    0      0      172    0      0      1      0      0      0      0      0      0      0      0      0      0      0      154    0      0      126   
0x7b200527b4a0           FMUL R32, R32, R8                                           1365   1166   1365   524288 16777216 16777216 32     32     0      -             -          -      0       0      0        0        0       0       0        0       -      0      0      0      0      0      0      0      0      7      0      0      0      0      0      0      0      0      0      9      15     1334   0      0      0      0      0      0      0      0      0      0      0      0      0      0      0      0      0      1166   0      0      0     
0x7b200527b4b0           FMUL R33, R33, R8                                           29     0      29     524288 16777216 16777216 32     32     0      -             -          -      0       0      0        0        0       0       0        0       -      0      0      0      0      0      0      0      0      2      0      0      0      0      0      0      0      0      0      0      27     0      0      0      0      0      0      0      0      0      0      0      0      0      0      0      0      0      0      0      0      0      0     
0x7b200527b4c0           FMUL R34, R34, R8                                           25     0      25     524288 16777216 16777216 32     32     0      -             -          -      0       0      0        0        0       0       0        0       -      0      0      0      0      0      0      0      0      1      0      0      0      0      0      0      0      0      0      0      24     0      0      0      0      0      0      0      0      0      0      0      0      0      0      0      0      0      0      0      0      0      0     
0x7b200527b4d0           FMUL R35, R35, R8                                           16     0      16     524288 16777216 16777216 32     32     0      -             -          -      0       0      0        0        0       0       0        0       -      0      0      0      0      0      0      0      0      1      0      0      0      0      0      0      0      0      0      0      15     0      0      0      0      0      0      0      0      0      0      0      0      0      0      0      0      0      0      0      0      0      0     
0x7b200527b4e0           IMAD.MOV.U32 R41, RZ, RZ, R46                               467    352    467    524288 16777216 16777216 32     32     0      -             -          -      0       0      0        0        0       0       0        0       -      0      0      0      0      0      0      0      0      2      0      0      0      0      28     0      0      0      0      11     21     405    0      0      0      0      0      0      0      0      0      0      9      0      0      0      0      0      0      343    0      0      0     
0x7b200527b4f0           F2FP.PACK_AB R53, R33, R32                                  262    69     262    524288 16777216 16777216 32     32     0      -             -          -      0       0      0        0        0       0       0        0       -      0      0      0      0      0      0      0      0      14     0      0      0      0      90     0      0      0      0      90     36     0      0      0      32     0      0      3      0      0      0      0      46     0      0      0      0      0      0      0      0      0      20    
0x7b200527b500           FMUL R28, R28, R8                                           891    716    891    524288 16777216 16777216 32     32     0      -             -          -      0       0      0        0        0       0       0        0       -      0      0      0      0      0      0      0      0      2      0      0      0      0      0      0      0      0      0      3      26     860    0      0      0      0      0      0      0      0      0      0      0      0      0      0      0      0      0      716    0      0      0     
0x7b200527b510           FMUL R29, R29, R8                                           25     0      25     524288 16777216 16777216 32     32     0      -             -          -      0       0      0        0        0       0       0        0       -      0      0      0      0      0      0      0      0      1      0      0      0      0      0      0      0      0      0      0      24     0      0      0      0      0      0      0      0      0      0      0      0      0      0      0      0      0      0      0      0      0      0     
0x7b200527b520           LDS.64 R32, [R68+0x2000]                                    642    545    642    524288 16777216 16777216 32     32     0      Shared        Load       64     0       2      0        1048576  1048576 0       0        0       -      0      0      0      0      0      0      0      0      2      0      0      0      0      0      0      593    0      0      17     30     0      0      0      0      0      0      1      0      0      0      0      0      0      544    0      0      0      0      0      0      0      0     
0x7b200527b530           FMUL R30, R30, R8                                           19     0      19     524288 16777216 16777216 32     32     0      -             -          -      0       0      0        0        0       0       0        0       -      0      0      0      0      0      0      0      0      1      0      0      0      0      0      0      0      0      0      0      18     0      0      0      0      0      0      0      0      0      0      0      0      0      0      0      0      0      0      0      0      0      0     
0x7b200527b540           FMUL R31, R31, R8                                           24     0      24     524288 16777216 16777216 32     32     0      -             -          -      0       0      0        0        0       0       0        0       -      0      0      0      0      0      0      0      0      0      0      0      0      0      0      0      0      0      0      0      24     0      0      0      0      0      0      0      0      0      0      0      0      0      0      0      0      0      0      0      0      0      0     
0x7b200527b550           F2FP.PACK_AB R35, R35, R34                                  27     0      27     524288 16777216 16777216 32     32     0      -             -          -      0       0      0        0        0       0       0        0       -      0      0      0      0      0      0      0      0      1      0      0      0      0      0      0      0      0      0      0      26     0      0      0      0      0      0      0      0      0      0      0      0      0      0      0      0      0      0      0      0      0      0     
0x7b200527b560           F2FP.PACK_AB R52, R29, R28                                  68     13     68     524288 16777216 16777216 32     32     0      -             -          -      0       0      0        0        0       0       0        0       -      0      0      0      0      0      0      0      0      0      0      0      0      0      3      0      0      0      0      9      28     0      0      0      28     0      0      0      0      0      0      0      2      0      0      0      0      0      0      0      0      0      11    
0x7b200527b570           LDS.64 R28, [R69+0x2000]                                    528    420    528    524288 16777216 16777216 32     32     0      Shared        Load       64     0       2      0        1048576  1048576 0       0        0       -      0      0      0      0      0      0      0      0      3      0      0      0      0      0      0      455    0      0      20     31     0      0      0      19     0      0      0      0      0      0      0      0      0      406    0      0      0      0      0      0      0      14    
0x7b200527b580           F2FP.PACK_AB R34, R31, R30                                  23     0      23     524288 16777216 16777216 32     32     0      -             -          -      0       0      0        0        0       0       0        0       -      0      0      0      0      0      0      0      0      1      0      0      0      0      0      0      0      0      0      0      22     0      0      0      0      0      0      0      0      0      0      0      0      0      0      0      0      0      0      0      0      0      0     
0x7b200527b590           IMAD.MOV.U32 R31, RZ, RZ, R45                               33     0      33     524288 16777216 16777216 32     32     0      -             -          -      0       0      0        0        0       0       0        0       -      0      0      0      0      0      0      0      0      1      0      0      0      0      0      0      0      0      0      0      32     0      0      0      0      0      0      0      0      0      0      0      0      0      0      0      0      0      0      0      0      0      0     
0x7b200527b5a0           LDS.64 R44, [R10+0x2080]                                    578    456    578    524288 16777216 16777216 32     32     0      Shared        Load       64     0       2      0        1048576  1048576 0       0        0       -      0      0      0      0      0      0      0      0      2      0      0      0      0      0      0      512    0      0      25     19     0      0      0      20     0      0      1      0      0      0      0      0      0      443    0      0      0      0      0      0      0      12    
0x7b200527b5b0           IMAD.MOV.U32 R42, RZ, RZ, R32                               1849   1367   1849   524288 16777216 16777216 32     32     0      -             -          -      0       0      0        0        0       0       0        0       -      0      0      0      0      0      0      0      0      2      0      0      0      0      14     0      0      0      0      30     22     1781   0      0      0      0      0      0      0      0      0      0      3      0      0      0      0      0      0      1364   0      0      0     
0x7b200527b5c0           IMAD.MOV.U32 R30, RZ, RZ, R33                               65     16     65     524288 16777216 16777216 32     32     0      -             -          -      0       0      0        0        0       0       0        0       -      0      0      0      0      0      0      0      0      3      0      0      0      0      6      0      0      0      0      7      23     0      0      0      26     0      0      1      0      0      0      0      0      0      0      0      0      0      0      0      0      0      15    
0x7b200527b5d0           IMAD.MOV.U32 R40, RZ, RZ, R28                               565    403    565    524288 16777216 16777216 32     32     0      -             -          -      0       0      0        0        0       0       0        0       -      0      0      0      0      0      0      0      0      4      0      0      0      0      11     0      0      0      0      19     21     480    0      0      30     0      0      0      0      0      0      0      2      0      0      0      0      0      0      383    0      0      18    
0x7b200527b5e0           IMAD.MOV.U32 R28, RZ, RZ, R29                               70     27     70     524288 16777216 16777216 32     32     0      -             -          -      0       0      0        0        0       0       0        0       -      0      0      0      0      0      0      0      0      4      0      0      0      0      5      0      0      0      0      6      28     0      0      0      27     0      0      1      0      0      0      0      2      0      0      0      0      0      0      0      0      0      24    
0x7b200527b5f0           IMAD.MOV.U32 R29, RZ, RZ, R47                               71     20     71     524288 16777216 16777216 32     32     0      -             -          -      0       0      0        0        0       0       0        0       -      0      0      0      0      0      0      0      0      1      0      0      0      0      3      0      0      0      0      5      30     0      0      0      32     0      0      0      0      0      0      0      0      0      0      0      0      0      0      0      0      0      20    
0x7b200527b600           LDS.64 R46, [R10+0x2880]                                    595    513    595    524288 16777216 16777216 32     32     0      Shared        Load       64     0       2      0        1048576  1048576 0       0        0       -      0      0      0      0      0      0      0      0      2      0      0      0      0      0      0      534    0      0      13     23     0      0      0      23     0      0      1      0      0      0      0      0      0      496    0      0      0      0      0      0      0      16    
0x7b200527b610           HMMA.16816.F32 R36, R40, R52, R36                           126    64     126    524288 16777216 16777216 32     32     0      -             -          -      0       0      0        0        0       0       0        0       -      0      0      0      0      0      0      0      0      0      0      0      0      0      99     0      0      0      0      0      27     0      0      0      0      0      0      0      0      0      0      0      64     0      0      0      0      0      0      0      0      0      0     
0x7b200527b620           IMAD.MOV.U32 R42, RZ, RZ, R44                               434    304    434    524288 16777216 16777216 32     32     0      -             -          -      0       0      0        0        0       0       0        0       -      0      0      0      0      0      0      0      0      9      0      0      0      0      9      0      0      0      0      9      21     224    0      0      162    0      0      4      0      0      0      0      4      0      0      0      0      0      0      187    0      0      109   
0x7b200527b630           NOP                                                         439    265    439    524288 16777216 16777216 32     32     0      -             -          -      0       0      0        0        0       0       0        0       -      0      0      0      0      0      0      0      0      5      0      0      0      0      0      0      0      0      0      21     22     0      0      0      391    0      0      0      0      0      0      0      0      0      0      0      0      0      0      0      0      0      265   
0x7b200527b640           HMMA.16816.F32 R28, R28, R34, R36                           561    325    561    524288 16777216 16777216 32     32     0      -             -          -      0       0      0        0        0       0       0        0       -      0      0      0      0      0      0      0      0      3      0      0      0      0      461    0      0      0      0      44     25     0      0      0      28     0      0      1      0      0      0      0      308    0      0      0      0      0      0      0      0      0      16    
0x7b200527b650           LDS.128 R32, [R65+0x140]                                    673    575    673    524288 16777216 16777216 32     32     0      Shared        Load       128    0       8      2097152  4194304  2097152 0       0        0       -      0      0      0      0      0      0      0      0      3      0      0      0      0      0      0      622    0      0      24     24     0      0      0      0      0      0      1      0      0      0      0      0      0      574    0      0      0      0      0      0      0      0     
0x7b200527b660           LDS.128 R36, [R65+0x100]                                    683    571    683    524288 16777216 16777216 32     32     0      Shared        Load       128    0       8      2097152  4194304  2097152 0       0        0       -      0      0      0      0      0      0      0      0      3      0      0      0      0      0      0      561    0      0      29     18     0      0      0      72     0      0      1      0      0      0      0      0      0      513    0      0      0      0      0      0      0      57    
0x7b200527b670           IMAD.MOV.U32 R43, RZ, RZ, R46                               961    754    961    524288 16777216 16777216 32     32     0      -             -          -      0       0      0        0        0       0       0        0       -      0      0      0      0      0      0      0      0      3      0      0      0      0      5      0      0      0      0      10     22     921    0      0      0      0      0      1      0      0      0      0      1      0      0      0      0      0      0      752    0      0      0     
0x7b200527b680           FMUL R32, R32, R8                                           2016   1471   2016   524288 16777216 16777216 32     32     0      -             -          -      0       0      0        0        0       0       0        0       -      0      0      0      0      0      0      0      0      1      0      0      0      0      0      0      0      0      0      31     24     1960   0      0      0      0      0      0      0      0      0      0      0      0      0      0      0      0      0      1471   0      0      0     
0x7b200527b690           FMUL R33, R33, R8                                           21     0      21     524288 16777216 16777216 32     32     0      -             -          -      0       0      0        0        0       0       0        0       -      0      0      0      0      0      0      0      0      0      0      0      0      0      0      0      0      0      0      0      21     0      0      0      0      0      0      0      0      0      0      0      0      0      0      0      0      0      0      0      0      0      0     
0x7b200527b6a0           FMUL R34, R34, R8                                           19     0      19     524288 16777216 16777216 32     32     0      -             -          -      0       0      0        0        0       0       0        0       -      0      0      0      0      0      0      0      0      0      0      0      0      0      0      0      0      0      0      0      19     0      0      0      0      0      0      0      0      0      0      0      0      0      0      0      0      0      0      0      0      0      0     
0x7b200527b6b0           FMUL R35, R35, R8                                           30     0      30     524288 16777216 16777216 32     32     0      -             -          -      0       0      0        0        0       0       0        0       -      0      0      0      0      0      0      0      0      0      0      0      0      0      0      0      0      0      0      0      30     0      0      0      0      0      0      0      0      0      0      0      0      0      0      0      0      0      0      0      0      0      0     
0x7b200527b6c0           FMUL R36, R36, R8                                           845    650    845    524288 16777216 16777216 32     32     0      -             -          -      0       0      0        0        0       0       0        0       -      0      0      0      0      0      0      0      0      0      0      0      0      0      0      0      0      0      0      22     11     812    0      0      0      0      0      0      0      0      0      0      0      0      0      0      0      0      0      650    0      0      0     
0x7b200527b6d0           FMUL R37, R37, R8                                           30     0      30     524288 16777216 16777216 32     32     0      -             -          -      0       0      0        0        0       0       0        0       -      0      0      0      0      0      0      0      0      1      0      0      0      0      0      0      0      0      0      0      29     0      0      0      0      0      0      0      0      0      0      0      0      0      0      0      0      0      0      0      0      0      0     
0x7b200527b6e0           F2FP.PACK_AB R53, R33, R32                                  22     0      22     524288 16777216 16777216 32     32     0      -             -          -      0       0      0        0        0       0       0        0       -      0      0      0      0      0      0      0      0      3      0      0      0      0      0      0      0      0      0      0      19     0      0      0      0      0      0      0      0      0      0      0      0      0      0      0      0      0      0      0      0      0      0     
0x7b200527b6f0           FMUL R38, R38, R8                                           22     0      22     524288 16777216 16777216 32     32     0      -             -          -      0       0      0        0        0       0       0        0       -      0      0      0      0      0      0      0      0      0      0      0      0      0      0      0      0      0      0      0      22     0      0      0      0      0      0      0      0      0      0      0      0      0      0      0      0      0      0      0      0      0      0     
0x7b200527b700           LDS.64 R32, [R48+0x2080]                                    550    465    550    524288 16777216 16777216 32     32     0      Shared        Load       64     0       2      0        1048576  1048576 0       0        0       -      0      0      0      0      0      0      0      0      1      0      0      0      0      0      0      509    0      0      17     23     0      0      0      0      0      0      0      0      0      0      0      0      0      465    0      0      0      0      0      0      0      0     
0x7b200527b710           FMUL R10, R39, R8                                           26     0      26     524288 16777216 16777216 32     32     0      -             -          -      0       0      0        0        0       0       0        0       -      0      0      0      0      0      0      0      0      1      0      0      0      0      0      0      0      0      0      0      25     0      0      0      0      0      0      0      0      0      0      0      0      0      0      0      0      0      0      0      0      0      0     
0x7b200527b720           F2FP.PACK_AB R52, R37, R36                                  21     0      21     524288 16777216 16777216 32     32     0      -             -          -      0       0      0        0        0       0       0        0       -      0      0      0      0      0      0      0      0      0      0      0      0      0      0      0      0      0      0      0      21     0      0      0      0      0      0      0      0      0      0      0      0      0      0      0      0      0      0      0      0      0      0     
0x7b200527b730           LDS.64 R36, [R48+0x2880]                                    519    417    519    524288 16777216 16777216 32     32     0      Shared        Load       64     0       2      0        1048576  1048576 0       0        0       -      0      0      0      0      0      0      0      0      2      0      0      0      0      0      0      440    0      0      30     23     0      0      0      24     0      0      1      0      0      0      0      0      0      399    0      0      0      0      0      0      0      17    
0x7b200527b740           F2FP.PACK_AB R39, R35, R34                                  29     0      29     524288 16777216 16777216 32     32     0      -             -          -      0       0      0        0        0       0       0        0       -      0      0      0      0      0      0      0      0      1      0      0      0      0      0      0      0      0      0      0      28     0      0      0      0      0      0      0      0      0      0      0      0      0      0      0      0      0      0      0      0      0      0     
0x7b200527b750           IMAD.MOV.U32 R34, RZ, RZ, R45                               22     0      22     524288 16777216 16777216 32     32     0      -             -          -      0       0      0        0        0       0       0        0       -      0      0      0      0      0      0      0      0      0      0      0      0      0      0      0      0      0      0      0      22     0      0      0      0      0      0      0      0      0      0      0      0      0      0      0      0      0      0      0      0      0      0     
0x7b200527b760           F2FP.PACK_AB R38, R10, R38                                  24     0      24     524288 16777216 16777216 32     32     0      -             -          -      0       0      0        0        0       0       0        0       -      0      0      0      0      0      0      0      0      3      0      0      0      0      0      0      0      0      0      0      21     0      0      0      0      0      0      0      0      0      0      0      0      0      0      0      0      0      0      0      0      0      0     
0x7b200527b770           IMAD.MOV.U32 R35, RZ, RZ, R47                               34     0      34     524288 16777216 16777216 32     32     0      -             -          -      0       0      0        0        0       0       0        0       -      0      0      0      0      0      0      0      0      3      0      0      0      0      0      0      0      0      0      0      31     0      0      0      0      0      0      0      0      0      0      0      0      0      0      0      0      0      0      0      0      0      0     
0x7b200527b780           LDS.64 R44, [R68+0x2880]                                    467    377    467    524288 16777216 16777216 32     32     0      Shared        Load       64     0       2      0        1048576  1048576 0       0        0       -      0      0      0      0      0      0      0      0      2      0      0      0      0      0      0      421    0      0      10     34     0      0      0      0      0      0      1      0      0      0      0      0      0      376    0      0      0      0      0      0      0      0     
0x7b200527b790           LDS.64 R46, [R69+0x2880]                                    702    556    702    524288 16777216 16777216 32     32     0      Shared        Load       64     0       2      0        1048576  1048576 0       0        0       -      0      0      0      0      0      0      0      0      3      0      0      0      0      0      0      551    0      0      33     21     0      0      0      94     0      0      0      0      0      0      0      0      0      497    0      0      0      0      0      0      0      59    
0x7b200527b7a0           IMAD.MOV.U32 R40, RZ, RZ, R32                               1506   1045   1506   524288 16777216 16777216 32     32     0      -             -          -      0       0      0        0        0       0       0        0       -      0      0      0      0      0      0      0      0      7      0      0      0      0      14     0      0      0      0      26     20     1439   0      0      0      0      0      1      0      0      0      0      1      0      0      0      0      0      0      1043   0      0      0     
0x7b200527b7b0           IMAD.MOV.U32 R32, RZ, RZ, R33                               70     9      70     524288 16777216 16777216 32     32     0      -             -          -      0       0      0        0        0       0       0        0       -      0      0      0      0      0      0      0      0      2      0      0      0      0      8      0      0      0      0      16     25     0      0      0      19     0      0      0      0      0      0      0      0      0      0      0      0      0      0      0      0      0      9     
0x7b200527b7c0           IMAD.MOV.U32 R41, RZ, RZ, R36                               510    347    510    524288 16777216 16777216 32     32     0      -             -          -      0       0      0        0        0       0       0        0       -      0      0      0      0      0      0      0      0      2      0      0      0      0      10     0      0      0      0      16     25     421    0      0      36     0      0      1      0      0      0      0      2      0      0      0      0      0      0      325    0      0      19    
0x7b200527b7d0           IMAD.MOV.U32 R33, RZ, RZ, R37                               66     12     66     524288 16777216 16777216 32     32     0      -             -          -      0       0      0        0        0       0       0        0       -      0      0      0      0      0      0      0      0      0      0      0      0      0      4      0      0      0      0      6      33     0      0      0      23     0      0      0      0      0      0      0      0      0      0      0      0      0      0      0      0      0      12    
0x7b200527b7e0           HMMA.16816.F32 R28, R40, R52, R28                           345    169    345    524288 16777216 16777216 32     32     0      -             -          -      0       0      0        0        0       0       0        0       -      0      0      0      0      0      0      0      0      2      0      0      0      0      185    0      0      0      0      30     24     0      0      0      104    0      0      0      0      0      0      0      101    0      0      0      0      0      0      0      0      0      68    
0x7b200527b7f0           IMAD.MOV.U32 R41, RZ, RZ, R46                               887    697    887    524288 16777216 16777216 32     32     0      -             -          -      0       0      0        0        0       0       0        0       -      0      0      0      0      0      0      0      0      9      0      0      0      0      13     0      0      0      0      28     16     630    0      0      191    0      0      6      0      0      0      0      2      0      0      0      0      0      0      555    0      0      134   
0x7b200527b800           PRMT R46, RZ, 0x7610, R46                                   39     0      39     524288 16777216 16777216 32     32     0      -             -          -      0       0      0        0        0       0       0        0       -      0      0      0      0      0      0      0      0      4      0      0      0      0      0      0      0      0      0      0      35     0      0      0      0      0      0      0      0      0      0      0      0      0      0      0      0      0      0      0      0      0      0     
0x7b200527b810           IMAD.MOV.U32 R43, RZ, RZ, R44                               30     0      30     524288 16777216 16777216 32     32     0      -             -          -      0       0      0        0        0       0       0        0       -      0      0      0      0      0      0      0      0      1      0      0      0      0      0      0      0      0      0      0      29     0      0      0      0      0      0      0      0      0      0      0      0      0      0      0      0      0      0      0      0      0      0     
0x7b200527b820           LOP3.LUT R44, R67, 0x7, RZ, 0xc0, !PT                       33     0      33     524288 16777216 16777216 32     32     0      -             -          -      0       0      0        0        0       0       0        0       -      0      0      0      0      0      0      0      0      2      0      0      0      0      0      0      0      0      0      0      31     0      0      0      0      0      0      0      0      0      0      0      0      0      0      0      0      0      0      0      0      0      0     
0x7b200527b830           HMMA.16816.F32 R28, R32, R38, R28                           723    409    723    524288 16777216 16777216 32     32     0      -             -          -      0       0      0        0        0       0       0        0       -      0      0      0      0      0      0      0      0      1      0      0      0      0      321    0      0      0      0      37     20     0      0      0      344    0      0      0      0      0      0      0      191    0      0      0      0      0      0      0      0      0      218   
0x7b200527b840           LDS.128 R32, [R65+0x180]                                    616    523    616    524288 16777216 16777216 32     32     0      Shared        Load       128    0       8      2097152  4194304  2097152 0       0        0       -      0      0      0      0      0      0      0      0      2      0      0      0      0      0      0      571    0      0      14     29     0      0      0      0      0      0      0      0      0      0      0      0      0      523    0      0      0      0      0      0      0      0     
0x7b200527b850           LDS.128 R36, [R65+0x1c0]                                    554    420    554    524288 16777216 16777216 32     32     0      Shared        Load       128    0       8      2097152  4194304  2097152 0       0        0       -      0      0      0      0      0      0      0      0      6      0      0      0      0      0      0      408    0      0      31     25     0      0      0      84     0      0      1      0      0      0      0      0      0      375    0      0      0      0      0      0      0      44    
0x7b200527b860           FMUL R32, R32, R8                                           2849   2132   2849   524288 16777216 16777216 32     32     0      -             -          -      0       0      0        0        0       0       0        0       -      0      0      0      0      0      0      0      0      5      0      0      0      0      0      0      0      0      0      24     29     2791   0      0      0      0      0      2      0      0      0      0      0      0      0      0      0      0      0      2130   0      0      0     
0x7b200527b870           FMUL R33, R33, R8                                           27     0      27     524288 16777216 16777216 32     32     0      -             -          -      0       0      0        0        0       0       0        0       -      0      0      0      0      0      0      0      0      2      0      0      0      0      0      0      0      0      0      0      25     0      0      0      0      0      0      0      0      0      0      0      0      0      0      0      0      0      0      0      0      0      0     
0x7b200527b880           FMUL R34, R34, R8                                           32     0      32     524288 16777216 16777216 32     32     0      -             -          -      0       0      0        0        0       0       0        0       -      0      0      0      0      0      0      0      0      0      0      0      0      0      0      0      0      0      0      0      32     0      0      0      0      0      0      0      0      0      0      0      0      0      0      0      0      0      0      0      0      0      0     
0x7b200527b890           FMUL R35, R35, R8                                           25     0      25     524288 16777216 16777216 32     32     0      -             -          -      0       0      0        0        0       0       0        0       -      0      0      0      0      0      0      0      0      0      0      0      0      0      0      0      0      0      0      0      25     0      0      0      0      0      0      0      0      0      0      0      0      0      0      0      0      0      0      0      0      0      0     
0x7b200527b8a0           FMUL R36, R36, R8                                           778    546    778    524288 16777216 16777216 32     32     0      -             -          -      0       0      0        0        0       0       0        0       -      0      0      0      0      0      0      0      0      6      0      0      0      0      0      0      0      0      0      35     25     712    0      0      0      0      0      4      0      0      0      0      0      0      0      0      0      0      0      542    0      0      0     
0x7b200527b8b0           FMUL R37, R37, R8                                           27     0      27     524288 16777216 16777216 32     32     0      -             -          -      0       0      0        0        0       0       0        0       -      0      0      0      0      0      0      0      0      0      0      0      0      0      0      0      0      0      0      0      27     0      0      0      0      0      0      0      0      0      0      0      0      0      0      0      0      0      0      0      0      0      0     
0x7b200527b8c0           F2FP.PACK_AB R52, R33, R32                                  26     0      26     524288 16777216 16777216 32     32     0      -             -          -      0       0      0        0        0       0       0        0       -      0      0      0      0      0      0      0      0      0      0      0      0      0      0      0      0      0      0      0      26     0      0      0      0      0      0      0      0      0      0      0      0      0      0      0      0      0      0      0      0      0      0     
0x7b200527b8d0           FMUL R10, R38, R8                                           23     0      23     524288 16777216 16777216 32     32     0      -             -          -      0       0      0        0        0       0       0        0       -      0      0      0      0      0      0      0      0      2      0      0      0      0      0      0      0      0      0      0      21     0      0      0      0      0      0      0      0      0      0      0      0      0      0      0      0      0      0      0      0      0      0     
0x7b200527b8e0           LDS.64 R32, [R69+0x2080]                                    502    412    502    524288 16777216 16777216 32     32     0      Shared        Load       64     0       2      0        1048576  1048576 0       0        0       -      0      0      0      0      0      0      0      0      0      0      0      0      0      0      0      449    0      0      25     28     0      0      0      0      0      0      0      0      0      0      0      0      0      412    0      0      0      0      0      0      0      0     
0x7b200527b8f0           FMUL R39, R39, R8                                           26     0      26     524288 16777216 16777216 32     32     0      -             -          -      0       0      0        0        0       0       0        0       -      0      0      0      0      0      0      0      0      1      0      0      0      0      0      0      0      0      0      0      25     0      0      0      0      0      0      0      0      0      0      0      0      0      0      0      0      0      0      0      0      0      0     
0x7b200527b900           F2FP.PACK_AB R53, R37, R36                                  29     0      29     524288 16777216 16777216 32     32     0      -             -          -      0       0      0        0        0       0       0        0       -      0      0      0      0      0      0      0      0      1      0      0      0      0      0      0      0      0      0      0      28     0      0      0      0      0      0      0      0      0      0      0      0      0      0      0      0      0      0      0      0      0      0     
0x7b200527b910           LDS.64 R36, [R68+0x2080]                                    581    436    581    524288 16777216 16777216 32     32     0      Shared        Load       64     0       2      0        1048576  1048576 0       0        0       -      0      0      0      0      0      0      0      0      5      0      0      0      0      0      0      471    0      0      43     28     0      0      0      34     0      0      1      0      0      0      0      0      0      416    0      0      0      0      0      0      0      19    
0x7b200527b920           F2FP.PACK_AB R38, R35, R34                                  25     0      25     524288 16777216 16777216 32     32     0      -             -          -      0       0      0        0        0       0       0        0       -      0      0      0      0      0      0      0      0      0      0      0      0      0      0      0      0      0      0      0      25     0      0      0      0      0      0      0      0      0      0      0      0      0      0      0      0      0      0      0      0      0      0     
0x7b200527b930           IMAD.MOV.U32 R35, RZ, RZ, R45                               32     0      32     524288 16777216 16777216 32     32     0      -             -          -      0       0      0        0        0       0       0        0       -      0      0      0      0      0      0      0      0      1      0      0      0      0      0      0      0      0      0      0      31     0      0      0      0      0      0      0      0      0      0      0      0      0      0      0      0      0      0      0      0      0      0     
0x7b200527b940           F2FP.PACK_AB R39, R39, R10                                  22     0      22     524288 16777216 16777216 32     32     0      -             -          -      0       0      0        0        0       0       0        0       -      0      0      0      0      0      0      0      0      3      0      0      0      0      0      0      0      0      0      0      19     0      0      0      0      0      0      0      0      0      0      0      0      0      0      0      0      0      0      0      0      0      0     
0x7b200527b950           IADD3 R8, R62, UR7, RZ                                      77     18     77     524288 16777216 16777216 32     32     0      -             -          -      0       0      0        0        0       0       0        0       -      0      0      0      0      0      0      0      0      0      0      0      0      0      8      0      0      0      0      20     33     0      0      0      16     0      0      0      0      0      0      0      4      0      0      0      0      0      0      0      0      0      14    
0x7b200527b960           IADD3 R10, R8, 0x1, RZ                                      338    101    338    524288 16777216 16777216 32     32     0      -             -          -      0       0      0        0        0       0       0        0       -      0      0      0      0      0      0      0      0      5      0      0      0      0      98     0      0      0      0      123    26     0      0      0      86     0      0      1      0      0      0      0      45     0      0      0      0      0      0      0      0      0      55    
0x7b200527b970           ISETP.GE.AND P2, PT, R8, UR6, PT                            56     14     56     524288 16777216 16777216 32     32     0      -             -          -      0       0      0        0        0       0       0        0       -      0      0      0      0      0      0      0      0      3      0      0      0      0      4      0      0      0      0      10     21     0      0      0      18     0      0      1      0      0      0      0      0      0      0      0      0      0      0      0      0      0      13    
0x7b200527b980           ISETP.GE.AND P3, PT, R10, UR6, PT                           78     25     78     524288 16777216 16777216 32     32     0      -             -          -      0       0      0        0        0       0       0        0       -      0      0      0      0      0      0      0      0      1      0      0      0      0      3      0      0      0      0      5      39     0      0      0      30     0      0      0      0      0      0      0      1      0      0      0      0      0      0      0      0      0      24    
0x7b200527b990           IMAD.MOV.U32 R40, RZ, RZ, R32                               1747   1359   1747   524288 16777216 16777216 32     32     0      -             -          -      0       0      0        0        0       0       0        0       -      0      0      0      0      0      0      0      0      4      0      0      0      0      11     0      0      0      0      21     25     1686   0      0      0      0      0      3      0      0      0      0      2      0      0      0      0      0      0      1354   0      0      0     
0x7b200527b9a0           IMAD.MOV.U32 R32, RZ, RZ, R33                               68     15     68     524288 16777216 16777216 32     32     0      -             -          -      0       0      0        0        0       0       0        0       -      0      0      0      0      0      0      0      0      0      0      0      0      0      2      0      0      0      0      9      30     0      0      0      27     0      0      0      0      0      0      0      0      0      0      0      0      0      0      0      0      0      15    
0x7b200527b9b0           IMAD.MOV.U32 R42, RZ, RZ, R36                               498    364    498    524288 16777216 16777216 32     32     0      -             -          -      0       0      0        0        0       0       0        0       -      0      0      0      0      0      0      0      0      0      0      0      0      0      6      0      0      0      0      20     23     433    0      0      16     0      0      0      0      0      0      0      0      0      0      0      0      0      0      360    0      0      4     
0x7b200527b9c0           IMAD.MOV.U32 R33, RZ, RZ, R47                               71     19     71     524288 16777216 16777216 32     32     0      -             -          -      0       0      0        0        0       0       0        0       -      0      0      0      0      0      0      0      0      2      0      0      0      0      2      0      0      0      0      9      31     0      0      0      27     0      0      0      0      0      0      0      0      0      0      0      0      0      0      0      0      0      19    
0x7b200527b9d0           IMAD.MOV.U32 R34, RZ, RZ, R37                               98     25     98     524288 16777216 16777216 32     32     0      -             -          -      0       0      0        0        0       0       0        0       -      0      0      0      0      0      0      0      0      0      0      0      0      0      13     0      0      0      0      12     40     0      0      0      33     0      0      0      0      0      0      0      5      0      0      0      0      0      0      0      0      0      20    
0x7b200527b9e0           HMMA.16816.F32 R28, R40, R52, R28                           277    140    277    524288 16777216 16777216 32     32     0      -             -          -      0       0      0        0        0       0       0        0       -      0      0      0      0      0      0      0      0      0      0      0      0      0      193    0      0      0      0      24     26     0      0      0      34     0      0      0      0      0      0      0      113    0      0      0      0      0      0      0      0      0      27    
0x7b200527b9f0           PRMT R43, RZ, 0x7610, R43                                   246    115    246    524288 16777216 16777216 32     32     0      -             -          -      0       0      0        0        0       0       0        0       -      0      0      0      0      0      0      0      0      9      0      0      0      0      14     0      0      0      0      21     29     0      0      0      173    0      0      3      0      0      0      0      4      0      0      0      0      0      0      0      0      0      108   
0x7b200527ba00           NOP                                                         417    256    417    524288 16777216 16777216 32     32     0      -             -          -      0       0      0        0        0       0       0        0       -      0      0      0      0      0      0      0      0      2      0      0      0      0      0      0      0      0      0      17     31     0      0      0      367    0      0      0      0      0      0      0      0      0      0      0      0      0      0      0      0      0      256   
0x7b200527ba10           HMMA.16816.F32 R28, R32, R38, R28                           458    268    458    524288 16777216 16777216 32     32     0      -             -          -      0       0      0        0        0       0       0        0       -      0      0      0      0      0      0      0      0      0      0      0      0      0      385    0      0      0      0      18     20     0      0      0      35     0      0      0      0      0      0      0      249    0      0      0      0      0      0      0      0      0      19    
0x7b200527ba20           PRMT R42, RZ, 0x7610, R42                                   16     0      16     524288 16777216 16777216 32     32     0      -             -          -      0       0      0        0        0       0       0        0       -      0      0      0      0      0      0      0      0      0      0      0      0      0      0      0      0      0      0      0      16     0      0      0      0      0      0      0      0      0      0      0      0      0      0      0      0      0      0      0      0      0      0     
0x7b200527ba30           PRMT R38, RZ, 0x7610, R38                                   357    119    357    524288 16777216 16777216 32     32     0      -             -          -      0       0      0        0        0       0       0        0       -      0      0      0      0      0      0      0      0      25     0      0      0      0      80     0      0      0      0      119    22     0      0      0      111    0      0      6      0      0      0      0      45     0      0      0      0      0      0      0      0      0      68    
0x7b200527ba40           NOP                                                         419    264    419    524288 16777216 16777216 32     32     0      -             -          -      0       0      0        0        0       0       0        0       -      0      0      0      0      0      0      0      0      2      0      0      0      0      0      0      0      0      0      26     21     0      0      0      370    0      0      0      0      0      0      0      0      0      0      0      0      0      0      0      0      0      264   
0x7b200527ba50           FMUL R10, R28, 0.12751743197441101074                       63     22     63     524288 16777216 16777216 32     32     0      -             -          -      0       0      0        0        0       0       0        0       -      0      0      0      0      0      0      0      0      1      0      0      0      0      0      0      0      0      0      10     22     0      0      0      30     0      0      0      0      0      0      0      0      0      0      0      0      0      0      0      0      0      22    
0x7b200527ba60           FMUL R30, R30, 0.12751743197441101074                       31     0      31     524288 16777216 16777216 32     32     0      -             -          -      0       0      0        0        0       0       0        0       -      0      0      0      0      0      0      0      0      0      0      0      0      0      0      0      0      0      0      0      31     0      0      0      0      0      0      0      0      0      0      0      0      0      0      0      0      0      0      0      0      0      0     
0x7b200527ba70           FMUL R8, R29, 0.12751743197441101074                        24     0      24     524288 16777216 16777216 32     32     0      -             -          -      0       0      0        0        0       0       0        0       -      0      0      0      0      0      0      0      0      0      0      0      0      0      0      0      0      0      0      0      24     0      0      0      0      0      0      0      0      0      0      0      0      0      0      0      0      0      0      0      0      0      0     
0x7b200527ba80           FMUL R28, R31, 0.12751743197441101074                       20     0      20     524288 16777216 16777216 32     32     0      -             -          -      0       0      0        0        0       0       0        0       -      0      0      0      0      0      0      0      0      0      0      0      0      0      0      0      0      0      0      0      20     0      0      0      0      0      0      0      0      0      0      0      0      0      0      0      0      0      0      0      0      0      0     
0x7b200527ba90           FSEL R10, R10, -INF , !P2                                   83     18     83     524288 16777216 16777216 32     32     0      -             -          -      0       0      0        0        0       0       0        0       -      0      0      0      0      0      0      0      0      3      0      0      0      0      14     0      0      0      0      10     31     0      0      0      25     0      0      0      0      0      0      0      7      0      0      0      0      0      0      0      0      0      11    
0x7b200527baa0           FSEL R29, R30, -INF , !P2                                   72     25     72     524288 16777216 16777216 32     32     0      -             -          -      0       0      0        0        0       0       0        0       -      0      0      0      0      0      0      0      0      0      0      0      0      0      3      0      0      0      0      7      29     0      0      0      33     0      0      0      0      0      0      0      1      0      0      0      0      0      0      0      0      0      24    
0x7b200527bab0           FSEL R31, R8, -INF , !P3                                    64     20     64     524288 16777216 16777216 32     32     0      -             -          -      0       0      0        0        0       0       0        0       -      0      0      0      0      0      0      0      0      2      0      0      0      0      5      0      0      0      0      5      20     0      0      0      32     0      0      1      0      0      0      0      1      0      0      0      0      0      0      0      0      0      18    
0x7b200527bac0           FSEL R28, R28, -INF , !P3                                   64     18     64     524288 16777216 16777216 32     32     0      -             -          -      0       0      0        0        0       0       0        0       -      0      0      0      0      0      0      0      0      3      0      0      0      0      2      0      0      0      0      7      27     0      0      0      25     0      0      1      0      0      0      0      0      0      0      0      0      0      0      0      0      0      17    
0x7b200527bad0           FMNMX R8, R10, R31, !PT                                     159    50     159    524288 16777216 16777216 32     32     0      -             -          -      0       0      0        0        0       0       0        0       -      0      0      0      0      0      0      0      0      4      0      0      0      0      52     0      0      0      0      62     20     0      0      0      21     0      0      3      0      0      0      0      32     0      0      0      0      0      0      0      0      0      15    
0x7b200527bae0           FMNMX R30, R29, R28, !PT                                    70     22     70     524288 16777216 16777216 32     32     0      -             -          -      0       0      0        0        0       0       0        0       -      0      0      0      0      0      0      0      0      0      0      0      0      0      3      0      0      0      0      5      36     0      0      0      26     0      0      0      0      0      0      0      1      0      0      0      0      0      0      0      0      0      21    
0x7b200527baf0           ISETP.GE.U32.AND P3, PT, R67, 0x20, PT                      57     26     57     524288 16777216 16777216 32     32     0      -             -          -      0       0      0        0        0       0       0        0       -      0      0      0      0      0      0      0      0      2      0      0      0      0      1      0      0      0      0      5      16     0      0      0      33     0      0      1      0      0      0      0      1      0      0      0      0      0      0      0      0      0      24    
0x7b200527bb00           SHFL.BFLY PT, R33, R8, 0x2, 0x1f                            819    723    819    524288 16777216 16777216 32     32     0      -             -          -      0       0      0        0        0       0       0        0       -      0      0      0      0      0      0      0      0      3      0      0      0      0      0      0      765    0      0      22     29     0      0      0      0      0      0      0      0      0      0      0      0      0      723    0      0      0      0      0      0      0      0     
0x7b200527bb10           LOP3.LUT P2, RZ, R67, 0x3e1, RZ, 0xc0, !PT                  22     0      22     524288 16777216 16777216 32     32     0      -             -          -      0       0      0        0        0       0       0        0       -      0      0      0      0      0      0      0      0      0      0      0      0      0      0      0      0      0      0      0      22     0      0      0      0      0      0      0      0      0      0      0      0      0      0      0      0      0      0      0      0      0      0     
0x7b200527bb20           SHFL.BFLY PT, R35, R30, 0x2, 0x1f                           703    590    703    524288 16777216 16777216 32     32     0      -             -          -      0       0      0        0        0       0       0        0       -      0      0      0      0      0      0      0      0      0      0      0      0      0      0      0      604    0      0      30     24     0      0      0      45     0      0      0      0      0      0      0      0      0      562    0      0      0      0      0      0      0      28    
0x7b200527bb30           FMNMX R33, R8, R33, !PT                                     3041   2327   3041   524288 16777216 16777216 32     32     0      -             -          -      0       0      0        0        0       0       0        0       -      0      0      0      0      0      0      0      0      7      0      0      0      0      85     0      0      0      0      108    27     2814   0      0      0      0      0      2      0      0      0      0      42     0      0      0      0      0      0      2283   0      0      0     
0x7b200527bb40           FMNMX R35, R30, R35, !PT                                    914    691    914    524288 16777216 16777216 32     32     0      -             -          -      0       0      0        0        0       0       0        0       -      0      0      0      0      0      0      0      0      4      0      0      0      0      34     0      0      0      0      40     22     795    0      0      19     0      0      0      0      0      0      0      13     0      0      0      0      0      0      663    0      0      15    
0x7b200527bb50           SHFL.BFLY PT, R32, R33, 0x1, 0x1f                           722    594    722    524288 16777216 16777216 32     32     0      -             -          -      0       0      0        0        0       0       0        0       -      0      0      0      0      0      0      0      0      6      0      0      0      0      0      0      604    0      0      33     21     0      0      0      58     0      0      1      0      0      0      0      0      0      554    0      0      0      0      0      0      0      39    
0x7b200527bb60           SHFL.BFLY PT, R34, R35, 0x1, 0x1f                           616    512    616    524288 16777216 16777216 32     32     0      -             -          -      0       0      0        0        0       0       0        0       -      0      0      0      0      0      0      0      0      2      0      0      0      0      0      0      495    0      0      22     15     0      0      0      82     0      0      1      0      0      0      0      0      0      456    0      0      0      0      0      0      0      55    
0x7b200527bb70           FMNMX R39, R33, R32, !PT                                    2807   2101   2807   524288 16777216 16777216 32     32     0      -             -          -      0       0      0        0        0       0       0        0       -      0      0      0      0      0      0      0      0      15     0      0      0      0      68     0      0      0      0      95     18     2611   0      0      0      0      0      4      0      0      0      0      31     0      0      0      0      0      0      2066   0      0      0     
0x7b200527bb80           FMNMX R41, R35, R34, !PT                                    809    611    809    524288 16777216 16777216 32     32     0      -             -          -      0       0      0        0        0       0       0        0       -      0      0      0      0      0      0      0      0      5      0      0      0      0      31     0      0      0      0      42     33     671    0      0      27     0      0      1      0      0      0      0      15     0      0      0      0      0      0      573    0      0      22    
0x7b200527bb90     @!P4  STS [R6], R39                                               570    458    570    524288 16777216 2097152  32     4      0      Shared        Store      32     0       0      0        262144   262144  0       0        0       -      0      0      0      0      0      0      0      0      5      0      0      0      0      0      0      464    0      0      27     20     0      0      0      54     0      0      2      0      0      0      0      0      0      424    0      0      0      0      0      0      0      32    
0x7b200527bba0     @!P4  STS [R6+0x40], R41                                          495    397    495    524288 16777216 2097152  32     4      0      Shared        Store      32     0       0      0        262144   262144  0       0        0       -      0      0      0      0      0      0      0      0      1      0      0      0      0      0      0      373    0      0      26     22     0      0      0      73     0      0      0      0      0      0      0      0      0      341    0      0      0      0      0      0      0      56    
0x7b200527bbb0           BAR.SYNC.DEFER_BLOCKING 0x0                                 762    609    762    524288 16777216 16777216 32     32     0      -             -          -      0       0      0        0        0       0       0        0       -      0      0      0      0      0      0      0      0      4      0      0      86     0      0      0      500    0      0      37     34     0      0      0      101    0      0      0      0      0      79     0      0      0      470    0      0      0      0      0      0      0      60    
0x7b200527bbc0     @!P3  LDS R50, [R67.X4+0x3000]                                    8466   6419   8466   524288 16777216 4194304  32     8      0      Shared        Load       32     0       0      0        131072   131072  0       0        0       -      0      0      0      0      0      0      7868   0      5      0      0      0      0      0      0      397    0      0      33     19     0      0      0      144    5952   0      1      0      0      0      0      0      0      371    0      0      0      0      0      0      0      95    
0x7b200527bbd0           SHFL.BFLY PT, R37, R50, 0x1, 0x1f                           2997   2334   2997   524288 16777216 16777216 32     32     0      -             -          -      0       0      0        0        0       0       0        0       -      0      0      0      0      0      0      0      0      6      0      0      0      0      0      0      219    0      0      30     38     2619   0      0      85     0      0      2      0      0      0      0      0      0      207    0      0      0      0      2077   0      0      48    
0x7b200527bbe0           FMNMX R30, R50, R37, !PT                                    2575   1837   2575   524288 16777216 16777216 32     32     0      -             -          -      0       0      0        0        0       0       0        0       -      0      0      0      0      0      0      0      0      6      0      0      0      0      52     0      0      0      0      63     22     2411   0      0      21     0      0      1      0      0      0      0      29     0      0      0      0      0      0      1795   0      0      12    
0x7b200527bbf0     @!P2  STS [R67.X4+0x3000], R30                                    490    345    490    524288 16777216 2097152  32     4      0      Shared        Store      32     0       0      0        131072   131072  0       0        0       -      0      0      0      0      0      0      0      0      6      0      0      0      0      0      0      309    0      0      44     31     0      0      0      100    0      0      0      0      0      0      0      0      0      285    0      0      0      0      0      0      0      60    
0x7b200527bc00           BAR.SYNC.DEFER_BLOCKING 0x0                                 546    441    546    524288 16777216 16777216 32     32     0      -             -          -      0       0      0        0        0       0       0        0       -      0      0      0      0      0      0      0      0      3      0      0      83     0      0      0      330    0      0      30     22     0      0      0      78     0      0      1      0      0      79     0      0      0      308    0      0      0      0      0      0      0      53    
0x7b200527bc10           LDS R33, [R66]                                              4042   3073   4042   524288 16777216 16777216 32     32     0      Shared        Load       32     0       1      0        524288   524288  0       0        0       -      0      0      0      0      0      0      3539   0      6      0      0      0      0      0      0      330    0      0      30     15     0      0      0      122    2690   0      3      0      0      0      0      0      0      306    0      0      0      0      0      0      0      74    
0x7b200527bc20           LDS R32, [R66+0x40]                                         543    425    543    524288 16777216 16777216 32     32     0      Shared        Load       32     0       1      0        524288   524288  0       0        0       -      0      0      0      0      0      0      0      0      1      0      0      0      0      0      0      401    0      0      23     29     0      0      0      89     0      0      0      0      0      0      0      0      0      370    0      0      0      0      0      0      0      55    
0x7b200527bc30           FMNMX R33, R33, R4, !PT                                     1920   1367   1920   524288 16777216 16777216 32     32     0      -             -          -      0       0      0        0        0       0       0        0       -      0      0      0      0      0      0      0      0      7      0      0      0      0      80     0      0      0      0      119    19     1695   0      0      0      0      0      5      0      0      0      0      38     0      0      0      0      0      0      1324   0      0      0     
0x7b200527bc40           BAR.SYNC.DEFER_BLOCKING 0x0                                 653    541    653    524288 16777216 16777216 32     32     0      -             -          -      0       0      0        0        0       0       0        0       -      0      0      0      0      0      0      0      0      2      0      0      99     0      0      0      450    0      0      31     19     0      0      0      52     0      0      1      0      0      92     0      0      0      413    0      0      0      0      0      0      0      35    
0x7b200527bc50           FSETP.NE.AND P5, PT, R33, -INF , PT                         28     0      28     524288 16777216 16777216 32     32     0      -             -          -      0       0      0        0        0       0       0        0       -      0      0      0      0      0      0      0      0      4      0      0      0      0      0      0      0      0      0      0      24     0      0      0      0      0      0      0      0      0      0      0      0      0      0      0      0      0      0      0      0      0      0     
0x7b200527bc60           FMNMX R32, R32, R7, !PT                                     313    196    313    524288 16777216 16777216 32     32     0      -             -          -      0       0      0        0        0       0       0        0       -      0      0      0      0      0      0      0      0      6      0      0      0      0      30     0      0      0      0      25     27     201    0      0      24     0      0      1      0      0      0      0      14     0      0      0      0      0      0      164    0      0      17    
0x7b200527bc70           FSEL R8, R33, RZ, P5                                        52     18     52     524288 16777216 16777216 32     32     0      -             -          -      0       0      0        0        0       0       0        0       -      0      0      0      0      0      0      0      0      4      0      0      0      0      4      0      0      0      0      7      21     0      0      0      16     0      0      1      0      0      0      0      2      0      0      0      0      0      0      0      0      0      15    
0x7b200527bc80           FSETP.NE.AND P5, PT, R32, -INF , PT                         46     16     46     524288 16777216 16777216 32     32     0      -             -          -      0       0      0        0        0       0       0        0       -      0      0      0      0      0      0      0      0      3      0      0      0      0      1      0      0      0      0      4      18     0      0      0      20     0      0      3      0      0      0      0      0      0      0      0      0      0      0      0      0      0      13    
0x7b200527bc90           FADD R34, R10, -R8                                          110    38     110    524288 16777216 16777216 32     32     0      -             -          -      0       0      0        0        0       0       0        0       -      0      0      0      0      0      0      0      0      1      0      0      0      0      0      0      0      0      0      19     29     0      0      0      61     0      0      0      0      0      0      0      0      0      0      0      0      0      0      0      0      0      38    
0x7b200527bca0           FSEL R10, R32, RZ, P5                                       26     0      26     524288 16777216 16777216 32     32     0      -             -          -      0       0      0        0        0       0       0        0       -      0      0      0      0      0      0      0      0      0      0      0      0      0      0      0      0      0      0      0      26     0      0      0      0      0      0      0      0      0      0      0      0      0      0      0      0      0      0      0      0      0      0     
0x7b200527bcb0           FADD R31, R31, -R8                                          26     0      26     524288 16777216 16777216 32     32     0      -             -          -      0       0      0        0        0       0       0        0       -      0      0      0      0      0      0      0      0      1      0      0      0      0      0      0      0      0      0      0      25     0      0      0      0      0      0      0      0      0      0      0      0      0      0      0      0      0      0      0      0      0      0     
0x7b200527bcc0           FADD R33, R29, -R10                                         136    44     136    524288 16777216 16777216 32     32     0      -             -          -      0       0      0        0        0       0       0        0       -      0      0      0      0      0      0      0      0      6      0      0      0      0      0      0      0      0      0      30     16     0      0      0      84     0      0      0      0      0      0      0      0      0      0      0      0      0      0      0      0      0      44    
0x7b200527bcd0           FADD R30, R28, -R10                                         31     0      31     524288 16777216 16777216 32     32     0      -             -          -      0       0      0        0        0       0       0        0       -      0      0      0      0      0      0      0      0      1      0      0      0      0      0      0      0      0      0      0      30     0      0      0      0      0      0      0      0      0      0      0      0      0      0      0      0      0      0      0      0      0      0     
0x7b200527bce0           MUFU.EX2 R34, R34                                           2343   1784   2343   524288 16777216 16777216 32     32     0      -             -          -      0       0      0        0        0       0       0        0       -      0      0      0      0      0      0      2282   0      6      0      0      0      0      0      0      2      0      0      27     26     0      0      0      0      1781   0      2      0      0      0      0      0      0      1      0      0      0      0      0      0      0      0     
0x7b200527bcf0           MUFU.EX2 R31, R31                                           234    120    234    524288 16777216 16777216 32     32     0      -             -          -      0       0      0        0        0       0       0        0       -      0      0      0      0      0      0      0      0      1      0      0      0      0      0      0      9      0      0      21     22     0      0      0      181    0      0      1      0      0      0      0      0      0      4      0      0      0      0      0      0      0      115   
0x7b200527bd00           MUFU.EX2 R33, R33                                           258    128    258    524288 16777216 16777216 32     32     0      -             -          -      0       0      0        0        0       0       0        0       -      0      0      0      0      0      0      0      0      1      0      0      0      0      0      0      7      0      0      20     23     0      0      0      207    0      0      0      0      0      0      0      0      0      4      0      0      0      0      0      0      0      124   
0x7b200527bd10           MUFU.EX2 R30, R30                                           247    150    247    524288 16777216 16777216 32     32     0      -             -          -      0       0      0        0        0       0       0        0       -      0      0      0      0      0      0      0      0      0      0      0      0      0      0      0      8      0      0      18     19     0      0      0      202    0      0      0      0      0      0      0      0      0      5      0      0      0      0      0      0      0      145   
0x7b200527bd20           FADD R28, R34, R31                                          38     5      38     524288 16777216 16777216 32     32     0      -             -          -      0       0      0        0        0       0       0        0       -      0      0      0      0      0      0      0      0      0      0      0      0      0      0      0      0      0      0      3      27     8      0      0      0      0      0      0      0      0      0      0      0      0      0      0      0      0      0      5      0      0      0     
0x7b200527bd30           SHFL.BFLY PT, R35, R28, 0x2, 0x1f                           744    615    744    524288 16777216 16777216 32     32     0      -             -          -      0       0      0        0        0       0       0        0       -      0      0      0      0      0      0      0      0      3      0      0      0      0      0      0      561    0      0      40     21     0      0      0      119    0      0      2      0      0      0      0      0      0      528    0      0      0      0      0      0      0      85    
0x7b200527bd40           FADD R29, R33, R30                                          228    126    228    524288 16777216 16777216 32     32     0      -             -          -      0       0      0        0        0       0       0        0       -      0      0      0      0      0      0      0      0      4      0      0      0      0      0      0      0      0      0      20     20     184    0      0      0      0      0      1      0      0      0      0      0      0      0      0      0      0      0      125    0      0      0     
0x7b200527bd50           SHFL.BFLY PT, R32, R29, 0x2, 0x1f                           603    484    603    524288 16777216 16777216 32     32     0      -             -          -      0       0      0        0        0       0       0        0       -      0      0      0      0      0      0      0      0      1      0      0      0      0      0      0      433    0      0      22     29     0      0      0      118    0      0      0      0      0      0      0      0      0      404    0      0      0      0      0      0      0      80    
0x7b200527bd60           FADD R35, R28, R35                                          1793   1375   1793   524288 16777216 16777216 32     32     0      -             -          -      0       0      0        0        0       0       0        0       -      0      0      0      0      0      0      0      0      1      0      0      0      0      0      0      0      0      0      29     25     1738   0      0      0      0      0      1      0      0      0      0      0      0      0      0      0      0      0      1374   0      0      0     
0x7b200527bd70           FADD R36, R29, R32                                          987    729    987    524288 16777216 16777216 32     32     0      -             -          -      0       0      0        0        0       0       0        0       -      0      0      0      0      0      0      0      0      8      0      0      0      0      0      0      0      0      0      29     22     928    0      0      0      0      0      1      0      0      0      0      0      0      0      0      0      0      0      728    0      0      0     
0x7b200527bd80           SHFL.BFLY PT, R32, R35, 0x1, 0x1f                           390    293    390    524288 16777216 16777216 32     32     0      -             -          -      0       0      0        0        0       0       0        0       -      0      0      0      0      0      0      0      0      2      0      0      0      0      0      0      270    0      0      29     19     0      0      0      70     0      0      0      0      0      0      0      0      0      248    0      0      0      0      0      0      0      45    
0x7b200527bd90           SHFL.BFLY PT, R37, R36, 0x1, 0x1f                           411    309    411    524288 16777216 16777216 32     32     0      -             -          -      0       0      0        0        0       0       0        0       -      0      0      0      0      0      0      0      0      2      0      0      0      0      0      0      278    0      0      19     24     0      0      0      88     0      0      0      0      0      0      0      0      0      256    0      0      0      0      0      0      0      53    
0x7b200527bda0           FADD R39, R35, R32                                          2060   1486   2060   524288 16777216 16777216 32     32     0      -             -          -      0       0      0        0        0       0       0        0       -      0      0      0      0      0      0      0      0      8      0      0      0      0      0      0      0      0      0      41     27     1984   0      0      0      0      0      2      0      0      0      0      0      0      0      0      0      0      0      1484   0      0      0     
0x7b200527bdb0           PRMT R35, RZ, 0x7610, R35                                   32     0      32     524288 16777216 16777216 32     32     0      -             -          -      0       0      0        0        0       0       0        0       -      0      0      0      0      0      0      0      0      2      0      0      0      0      0      0      0      0      0      0      30     0      0      0      0      0      0      0      0      0      0      0      0      0      0      0      0      0      0      0      0      0      0     
0x7b200527bdc0           FADD R37, R36, R37                                          617    452    617    524288 16777216 16777216 32     32     0      -             -          -      0       0      0        0        0       0       0        0       -      0      0      0      0      0      0      0      0      1      0      0      0      0      0      0      0      0      0      18     19     579    0      0      0      0      0      0      0      0      0      0      0      0      0      0      0      0      0      452    0      0      0     
0x7b200527bdd0     @!P4  STS [R6], R39                                               446    311    446    524288 16777216 2097152  32     4      0      Shared        Store      32     0       0      0        262144   262144  0       0        0       -      0      0      0      0      0      0      0      0      1      0      0      0      0      0      0      306    0      0      44     33     0      0      0      62     0      0      0      0      0      0      0      0      0      276    0      0      0      0      0      0      0      35    
0x7b200527bde0     @!P4  STS [R6+0x40], R37                                          431    325    431    524288 16777216 2097152  32     4      0      Shared        Store      32     0       0      0        262144   262144  0       0        0       -      0      0      0      0      0      0      0      0      1      0      0      0      0      0      0      282    0      0      26     30     0      0      0      92     0      0      0      0      0      0      0      0      0      260    0      0      0      0      0      0      0      65    
0x7b200527bdf0           BAR.SYNC.DEFER_BLOCKING 0x0                                 642    513    642    524288 16777216 16777216 32     32     0      -             -          -      0       0      0        0        0       0       0        0       -      0      0      0      0      0      0      0      0      2      0      0      91     0      0      0      422    0      0      31     27     0      0      0      69     0      0      0      0      0      80     0      0      0      390    0      0      0      0      0      0      0      43    
0x7b200527be00           PRMT R39, RZ, 0x7610, R39                                   507    333    507    524288 16777216 16777216 32     32     0      -             -          -      0       0      0        0        0       0       0        0       -      0      0      0      0      0      0      0      0      11     0      0      0      0      62     0      0      0      0      69     18     347    0      0      0      0      0      1      0      0      0      0      31     0      0      0      0      0      0      301    0      0      0     
0x7b200527be10     @!P3  LDS R49, [R67.X4+0x3000]                                    4180   3200   4180   524288 16777216 4194304  32     8      0      Shared        Load       32     0       0      0        131072   131072  0       0        0       -      0      0      0      0      0      0      3579   0      1      0      0      0      0      0      0      455    0      0      60     28     0      0      0      57     2745   0      0      0      0      0      0      0      0      421    0      0      0      0      0      0      0      34    
0x7b200527be20           IADD3 R28, P3, R51, c[0x0][0x168], RZ                       30     0      30     524288 16777216 16777216 32     32     0      -             -          -      0       0      0        0        0       0       0        0       -      0      0      0      0      0      0      0      0      1      0      0      0      0      0      0      0      0      0      0      29     0      0      0      0      0      0      0      0      0      0      0      0      0      0      0      0      0      0      0      0      0      0     
0x7b200527be30           IADD3.X R29, R11, c[0x0][0x16c], RZ, P3, !PT                310    93     310    524288 16777216 16777216 32     32     0      -             -          -      0       0      0        0        0       0       0        0       -      0      0      0      0      0      0      0      0      10     0      0      0      0      99     0      0      0      0      103    21     0      0      0      77     0      0      2      0      0      0      0      45     0      0      0      0      0      0      0      0      0      46    
0x7b200527be40           SHFL.BFLY PT, R32, R49, 0x1, 0x1f                           2453   1928   2453   524288 16777216 16777216 32     32     0      -             -          -      0       0      0        0        0       0       0        0       -      0      0      0      0      0      0      0      0      9      0      0      0      0      0      0      354    0      0      43     22     2025   0      0      0      0      0      2      0      0      0      0      0      0      325    0      0      0      0      1601   0      0      0     
0x7b200527be50           PRMT R11, RZ, 0x7610, R11                                   23     0      23     524288 16777216 16777216 32     32     0      -             -          -      0       0      0        0        0       0       0        0       -      0      0      0      0      0      0      0      0      1      0      0      0      0      0      0      0      0      0      0      22     0      0      0      0      0      0      0      0      0      0      0      0      0      0      0      0      0      0      0      0      0      0     
0x7b200527be60           IMAD.WIDE.U32 R28, R44, 0x8, R28                            102    35     102    524288 16777216 16777216 32     32     0      -             -          -      0       0      0        0        0       0       0        0       -      0      0      0      0      0      0      0      0      1      0      0      0      0      7      0      0      0      0      15     26     0      0      0      53     0      0      0      0      0      0      0      1      0      0      0      0      0      0      0      0      0      34    
0x7b200527be70           FADD R40, R49, R32                                          2181   1631   2181   524288 16777216 16777216 32     32     0      -             -          -      0       0      0        0        0       0       0        0       -      0      0      0      0      0      0      0      0      6      0      0      0      0      0      0      0      0      0      35     28     2112   0      0      0      0      0      1      0      0      0      0      0      0      0      0      0      0      0      1630   0      0      0     
0x7b200527be80           PRMT R32, RZ, 0x7610, R32                                   24     0      24     524288 16777216 16777216 32     32     0      -             -          -      0       0      0        0        0       0       0        0       -      0      0      0      0      0      0      0      0      1      0      0      0      0      0      0      0      0      0      0      23     0      0      0      0      0      0      0      0      0      0      0      0      0      0      0      0      0      0      0      0      0      0     
0x7b200527be90     @!P2  STS [R67.X4+0x3000], R40                                    488    340    488    524288 16777216 2097152  32     4      0      Shared        Store      32     0       0      0        131072   131072  0       0        0       -      0      0      0      0      0      0      0      0      3      0      0      0      0      0      0      320    0      0      53     27     0      0      0      85     0      0      0      0      0      0      0      0      0      294    0      0      0      0      0      0      0      46    
0x7b200527bea0           BAR.SYNC.DEFER_BLOCKING 0x0                                 539    415    539    524288 16777216 16777216 32     32     0      -             -          -      0       0      0        0        0       0       0        0       -      0      0      0      0      0      0      0      0      0      0      0      79     0      0      0      311    0      0      18     30     0      0      0      101    0      0      0      0      0      76     0      0      0      281    0      0      0      0      0      0      0      58    
0x7b200527beb0           IMAD.MOV.U32 R53, RZ, RZ, c[0x0][0x1a8]                     23     0      23     524288 16777216 16777216 32     32     0      -             -          -      0       0      0        0        0       0       0        0       -      0      0      0      0      0      0      0      0      0      0      0      0      0      0      0      0      0      0      0      23     0      0      0      0      0      0      0      0      0      0      0      0      0      0      0      0      0      0      0      0      0      0     
0x7b200527bec0           LOP3.LUT R9, R9, 0xfffffff0, RZ, 0xc0, !PT                  28     0      28     524288 16777216 16777216 32     32     0      -             -          -      0       0      0        0        0       0       0        0       -      0      0      0      0      0      0      0      0      2      0      0      0      0      0      0      0      0      0      0      26     0      0      0      0      0      0      0      0      0      0      0      0      0      0      0      0      0      0      0      0      0      0     
0x7b200527bed0           IMAD.IADD R9, R3, 0x1, -R9                                  168    64     168    524288 16777216 16777216 32     32     0      -             -          -      0       0      0        0        0       0       0        0       -      0      0      0      0      0      0      0      0      0      0      0      0      0      10     0      0      0      0      26     24     0      0      0      108    0      0      0      0      0      0      0      1      0      0      0      0      0      0      0      0      0      63    
0x7b200527bee0     @P0   LDG.E.U8 R35, [R28.64+0x40]                                 3864   2968   3864   524288 16777216 16777216 32     32     0      Global        Load       8      2097152 0      0        0        0       3670016 4194304  524288         0      0      0      0      0      0      3284   0      4      0      0      89     0      0      0      418    0      0      49     20     0      0      0      0      2502   0      1      0      0      81     0      0      0      384    0      0      0      0      0      0      0      0     
0x7b200527bef0     @P0   LDG.E.U8 R32, [R28.64+0x41]                                 497    395    497    524288 16777216 16777216 32     32     0      Global        Load       8      2097152 0      0        0        0       3670016 4194304  524288         0      0      0      0      0      0      0      0      3      0      0      80     0      0      0      305    0      0      14     24     0      0      0      71     0      0      0      0      0      75     0      0      0      274    0      0      0      0      0      0      0      46    
0x7b200527bf00     @P0   LDG.E.U8 R46, [R28.64+0x42]                                 592    466    592    524288 16777216 16777216 32     32     0      Global        Load       8      2097152 0      0        0        0       3670016 4194304  524288         0      0      0      0      0      0      0      0      3      0      0      114    0      0      0      333    0      0      28     31     0      0      0      83     0      0      3      0      0      109    0      0      0      296    0      0      0      0      0      0      0      58    
0x7b200527bf10     @P0   LDG.E.U8 R43, [R28.64+0x43]                                 634    478    634    524288 16777216 16777216 32     32     0      Global        Load       8      2097152 0      0        0        0       3670016 4194304  524288         0      0      0      0      0      0      0      0      3      0      0      141    0      0      0      344    0      0      40     24     0      0      0      82     0      0      0      0      0      120    0      0      0      306    0      0      0      0      0      0      0      52    
0x7b200527bf20     @P0   LDG.E.U8 R38, [R28.64+0x44]                                 635    484    635    524288 16777216 16777216 32     32     0      Global        Load       8      2097152 0      0        0        0       3670016 4194304  524288         0      0      0      0      0      0      0      0      3      0      0      171    0      0      0      319    0      0      32     31     0      0      0      79     0      0      1      0      0      152    0      0      0      276    0      0      0      0      0      0      0      55    
0x7b200527bf30     @P0   LDG.E.U8 R39, [R28.64+0x45]                                 674    506    674    524288 16777216 16777216 32     32     0      Global        Load       8      2097152 0      0        0        0       3670016 4194304  524288         0      0      0      0      0      0      0      0      5      0      0      217    0      0      0      302    0      0      42     25     0      0      0      83     0      0      1      0      0      187    0      0      0      264    0      0      0      0      0      0      0      54    
0x7b200527bf40     @P0   LDG.E.U8 R42, [R28.64+0x46]                                 653    492    653    524288 16777216 16777216 32     32     0      Global        Load       8      2097152 0      0        0        0       3670016 4194304  524288         0      0      0      0      0      0      0      0      5      0      0      216    0      0      0      288    0      0      40     19     0      0      0      85     0      0      0      0      0      179    0      0      0      254    0      0      0      0      0      0      0      59    
0x7b200527bf50     @P0   LDG.E.U8 R11, [R28.64+0x47]                                 616    466    616    524288 16777216 16777216 32     32     0      Global        Load       8      2097152 0      0        0        0       3670016 4194304  524288         0      0      0      0      0      0      0      0      4      0      0      161    0      0      0      312    0      0      29     28     0      0      0      82     0      0      1      0      0      143    0      0      0      268    0      0      0      0      0      0      0      54    
0x7b200527bf60           SHF.R.S32.HI R28, RZ, 0x1f, R5                              1568   972    1568   524288 16777216 16777216 32     32     0      -             -          -      0       0      0        0        0       0       0        0       -      0      0      0      0      0      0      0      0      18     0      0      0      1205   124    0      0      0      0      173    29     0      0      0      19     0      0      4      0      0      0      896    57     0      0      0      0      0      0      0      0      0      15    
0x7b200527bf70           IMAD R28, R28, c[0x0][0x1a8], RZ                            176    83     176    524288 16777216 16777216 32     32     0      -             -          -      0       0      0        0        0       0       0        0       -      0      0      0      0      0      0      0      0      2      0      0      0      0      14     0      0      0      0      14     20     0      0      0      126    0      0      0      0      0      0      0      3      0      0      0      0      0      0      0      0      0      80    
0x7b200527bf80           IMAD R36, R5, UR4, R28                                      144    63     144    524288 16777216 16777216 32     32     0      -             -          -      0       0      0        0        0       0       0        0       -      0      0      0      0      0      0      0      0      1      0      0      0      0      7      0      0      0      0      18     22     0      0      0      96     0      0      0      0      0      0      0      0      0      0      0      0      0      0      0      0      0      63    
0x7b200527bf90           IMAD.WIDE.U32 R28, R5, R53, c[0x2][0x0]                     66     25     66     524288 16777216 16777216 32     32     0      -             -          -      0       0      0        0        0       0       0        0       -      0      0      0      0      0      0      0      0      3      0      0      0      0      2      0      0      0      0      2      21     0      0      0      38     0      0      2      0      0      0      0      1      0      0      0      0      0      0      0      0      0      22    
0x7b200527bfa0           PRMT R5, RZ, 0x7610, R5                                     30     0      30     524288 16777216 16777216 32     32     0      -             -          -      0       0      0        0        0       0       0        0       -      0      0      0      0      0      0      0      0      6      0      0      0      0      0      0      0      0      0      0      24     0      0      0      0      0      0      0      0      0      0      0      0      0      0      0      0      0      0      0      0      0      0     
0x7b200527bfb0           IMAD.IADD R36, R29, 0x1, R36                                121    36     121    524288 16777216 16777216 32     32     0      -             -          -      0       0      0        0        0       0       0        0       -      0      0      0      0      0      0      0      0      19     0      0      0      0      13     0      0      0      0      10     18     0      0      0      61     0      0      3      0      0      0      0      1      0      0      0      0      0      0      0      0      0      32    
0x7b200527bfc0           IMAD.SHL.U32 R29, R9, 0x2, RZ                               106    15     106    524288 16777216 16777216 32     32     0      -             -          -      0       0      0        0        0       0       0        0       -      0      0      0      0      0      0      0      0      3      0      0      0      0      1      0      0      0      0      5      28     0      0      0      69     0      0      1      0      0      0      0      0      0      0      0      0      0      0      0      0      0      14    
0x7b200527bfd0           IMAD.HI R9, R9, 0x2, RZ                                     52     13     52     524288 16777216 16777216 32     32     0      -             -          -      0       0      0        0        0       0       0        0       -      0      0      0      0      0      0      0      0      0      0      0      0      0      1      0      0      0      0      4      24     0      0      0      23     0      0      0      0      0      0      0      0      0      0      0      0      0      0      0      0      0      13    
0x7b200527bfe0           LEA.HI R28, P0, R36, R28, RZ, 0x1                           29     0      29     524288 16777216 16777216 32     32     0      -             -          -      0       0      0        0        0       0       0        0       -      0      0      0      0      0      0      0      0      2      0      0      0      0      0      0      0      0      0      0      27     0      0      0      0      0      0      0      0      0      0      0      0      0      0      0      0      0      0      0      0      0      0     
0x7b200527bff0           LOP3.LUT R28, R28, 0xfffffffe, RZ, 0xc0, !PT                346    146    346    524288 16777216 16777216 32     32     0      -             -          -      0       0      0        0        0       0       0        0       -      0      0      0      0      0      0      0      0      71     0      0      0      0      70     0      0      0      0      94     29     0      0      0      82     0      0      52     0      0      0      0      43     0      0      0      0      0      0      0      0      0      51    
0x7b200527c000           IMAD.X R36, RZ, RZ, R36, P0                                 26     0      26     524288 16777216 16777216 32     32     0      -             -          -      0       0      0        0        0       0       0        0       -      0      0      0      0      0      0      0      0      0      0      0      0      0      0      0      0      0      0      0      26     0      0      0      0      0      0      0      0      0      0      0      0      0      0      0      0      0      0      0      0      0      0     
0x7b200527c010           IADD3 R28, P2, P3, R29, UR11, R28                           152    39     152    524288 16777216 16777216 32     32     0      -             -          -      0       0      0        0        0       0       0        0       -      0      0      0      0      0      0      0      0      3      0      0      0      0      27     0      0      0      0      41     24     0      0      0      57     0      0      0      0      0      0      0      10     0      0      0      0      0      0      0      0      0      29    
0x7b200527c020           IADD3.X R29, R9, UR5, R36, P2, P3                           165    55     165    524288 16777216 16777216 32     32     0      -             -          -      0       0      0        0        0       0       0        0       -      0      0      0      0      0      0      0      0      7      0      0      0      0      28     0      0      0      0      39     27     0      0      0      64     0      0      3      0      0      0      0      15     0      0      0      0      0      0      0      0      0      37    
0x7b200527c030           PRMT R36, RZ, 0x7610, R36                                   63     25     63     524288 16777216 16777216 32     32     0      -             -          -      0       0      0        0        0       0       0        0       -      0      0      0      0      0      0      0      0      5      0      0      0      0      1      0      0      0      0      8      16     0      0      0      33     0      0      2      0      0      0      0      1      0      0      0      0      0      0      0      0      0      22    
0x7b200527c040     @!P1  LDG.E.U16 R5, [R28.64+0x20]                                 929    765    929    524288 16777216 16777216 32     32     0      Global        Load       16     524288  0      0        0        0       0       524288   524288         0      0      0      0      0      0      0      0      2      0      0      155    0      0      0      657    0      0      38     30     0      0      0      47     0      0      0      0      0      140    0      0      0      596    0      0      0      0      0      0      0      29    
0x7b200527c050     @!P1  LDG.E.U16 R36, [R28.64+0x40]                                645    495    645    524288 16777216 16777216 32     32     0      Global        Load       16     524288  0      0        0        0       0       524288   524288         0      0      0      0      0      0      0      0      2      0      0      111    0      0      0      382    0      0      31     33     0      0      0      86     0      0      0      0      0      103    0      0      0      345    0      0      0      0      0      0      0      47    
0x7b200527c060           F2FP.PACK_AB R31, R31, R34                                  20     0      20     524288 16777216 16777216 32     32     0      -             -          -      0       0      0        0        0       0       0        0       -      0      0      0      0      0      0      0      0      0      0      0      0      0      0      0      0      0      0      0      20     0      0      0      0      0      0      0      0      0      0      0      0      0      0      0      0      0      0      0      0      0      0     
0x7b200527c070           F2FP.PACK_AB R30, R30, R33                                  74     17     74     524288 16777216 16777216 32     32     0      -             -          -      0       0      0        0        0       0       0        0       -      0      0      0      0      0      0      0      0      3      0      0      0      0      3      0      0      0      0      11     31     0      0      0      26     0      0      1      0      0      0      0      2      0      0      0      0      0      0      0      0      0      14    
0x7b200527c080           LOP3.LUT R51, R60, 0x10, RZ, 0x3c, !PT                      79     31     79     524288 16777216 16777216 32     32     0      -             -          -      0       0      0        0        0       0       0        0       -      0      0      0      0      0      0      0      0      0      0      0      0      0      7      0      0      0      0      7      25     0      0      0      40     0      0      0      0      0      0      0      2      0      0      0      0      0      0      0      0      0      29    
0x7b200527c090           LOP3.LUT R35, R35, 0xffff, RZ, 0xc0, !PT                    9528   6377   9528   524288 16777216 16777216 32     32     0      -             -          -      0       0      0        0        0       0       0        0       -      0      0      0      0      0      0      0      0      17     0      0      0      9312   65     0      0      0      0      100    17     0      0      0      17     0      0      4      0      0      0      6332   28     0      0      0      0      0      0      0      0      0      13    
0x7b200527c0a0           LOP3.LUT R32, R32, 0xffff, RZ, 0xc0, !PT                    1914   1491   1914   524288 16777216 16777216 32     32     0      -             -          -      0       0      0        0        0       0       0        0       -      0      0      0      0      0      0      0      0      7      0      0      0      1722   50     0      0      0      0      80     34     0      0      0      21     0      0      3      0      0      0      1444   27     0      0      0      0      0      0      0      0      0      17    
0x7b200527c0b0           LOP3.LUT R28, R35, 0xf, RZ, 0xc0, !PT                       240    179    240    524288 16777216 16777216 32     32     0      -             -          -      0       0      0        0        0       0       0        0       -      0      0      0      0      0      0      0      0      4      0      0      0      174    5      0      0      0      0      7      25     0      0      0      25     0      0      1      0      0      0      151    4      0      0      0      0      0      0      0      0      0      23    
0x7b200527c0c0           LOP3.LUT R46, R46, 0xffff, RZ, 0xc0, !PT                    11327  9013   11327  524288 16777216 16777216 32     32     0      -             -          -      0       0      0        0        0       0       0        0       -      0      0      0      0      0      0      0      0      10     0      0      0      11096  73     0      0      0      0      89     26     0      0      0      33     0      0      2      0      0      0      8959   29     0      0      0      0      0      0      0      0      0      23    
0x7b200527c0d0           LOP3.LUT R29, R32, 0xf, RZ, 0xc0, !PT                       66     21     66     524288 16777216 16777216 32     32     0      -             -          -      0       0      0        0        0       0       0        0       -      0      0      0      0      0      0      0      0      1      0      0      0      0      3      0      0      0      0      7      24     0      0      0      31     0      0      0      0      0      0      0      1      0      0      0      0      0      0      0      0      0      20    
0x7b200527c0e0           LOP3.LUT R43, R43, 0xffff, RZ, 0xc0, !PT                    52     15     52     524288 16777216 16777216 32     32     0      -             -          -      0       0      0        0        0       0       0        0       -      0      0      0      0      0      0      0      0      0      0      0      0      0      3      0      0      0      0      4      24     0      0      0      21     0      0      0      0      0      0      0      1      0      0      0      0      0      0      0      0      0      14    
0x7b200527c0f0           SHF.R.U32.HI R47, RZ, 0x4, R35                              57     25     57     524288 16777216 16777216 32     32     0      -             -          -      0       0      0        0        0       0       0        0       -      0      0      0      0      0      0      0      0      2      0      0      0      0      1      0      0      0      0      2      23     0      0      0      29     0      0      2      0      0      0      0      1      0      0      0      0      0      0      0      0      0      22    
0x7b200527c100           LOP3.LUT R38, R38, 0xffff, RZ, 0xc0, !PT                    136    47     136    524288 16777216 16777216 32     32     0      -             -          -      0       0      0        0        0       0       0        0       -      0      0      0      0      0      0      0      0      3      0      0      0      0      28     0      0      0      0      38     30     0      0      0      37     0      0      1      0      0      0      0      18     0      0      0      0      0      0      0      0      0      28    
0x7b200527c110           LOP3.LUT R45, R46, 0xf, RZ, 0xc0, !PT                       57     19     57     524288 16777216 16777216 32     32     0      -             -          -      0       0      0        0        0       0       0        0       -      0      0      0      0      0      0      0      0      1      0      0      0      0      3      0      0      0      0      4      24     0      0      0      25     0      0      1      0      0      0      0      0      0      0      0      0      0      0      0      0      0      18    
0x7b200527c120           LOP3.LUT R39, R39, 0xffff, RZ, 0xc0, !PT                    55     20     55     524288 16777216 16777216 32     32     0      -             -          -      0       0      0        0        0       0       0        0       -      0      0      0      0      0      0      0      0      1      0      0      0      0      0      0      0      0      0      7      18     0      0      0      29     0      0      0      0      0      0      0      0      0      0      0      0      0      0      0      0      0      20    
0x7b200527c130           LOP3.LUT R40, R43, 0xf, RZ, 0xc0, !PT                       62     21     62     524288 16777216 16777216 32     32     0      -             -          -      0       0      0        0        0       0       0        0       -      0      0      0      0      0      0      0      0      1      0      0      0      0      2      0      0      0      0      4      24     0      0      0      31     0      0      0      0      0      0      0      0      0      0      0      0      0      0      0      0      0      21    
0x7b200527c140           LOP3.LUT R42, R42, 0xffff, RZ, 0xc0, !PT                    72     20     72     524288 16777216 16777216 32     32     0      -             -          -      0       0      0        0        0       0       0        0       -      0      0      0      0      0      0      0      0      2      0      0      0      0      0      0      0      0      0      4      39     0      0      0      27     0      0      0      0      0      0      0      0      0      0      0      0      0      0      0      0      0      20    
0x7b200527c150           LOP3.LUT R37, R39, 0xf, RZ, 0xc0, !PT                       56     25     56     524288 16777216 16777216 32     32     0      -             -          -      0       0      0        0        0       0       0        0       -      0      0      0      0      0      0      0      0      1      0      0      0      0      2      0      0      0      0      3      21     0      0      0      29     0      0      0      0      0      0      0      2      0      0      0      0      0      0      0      0      0      23    
0x7b200527c160           LOP3.LUT R9, R11, 0xffff, RZ, 0xc0, !PT                     119    43     119    524288 16777216 16777216 32     32     0      -             -          -      0       0      0        0        0       0       0        0       -      0      0      0      0      0      0      0      0      6      0      0      0      0      33     0      0      0      0      37     22     0      0      0      21     0      0      4      0      0      0      0      19     0      0      0      0      0      0      0      0      0      20    
0x7b200527c170           SHF.R.U32.HI R11, RZ, 0x4, R32                              56     20     56     524288 16777216 16777216 32     32     0      -             -          -      0       0      0        0        0       0       0        0       -      0      0      0      0      0      0      0      0      0      0      0      0      0      4      0      0      0      0      2      28     0      0      0      22     0      0      0      0      0      0      0      2      0      0      0      0      0      0      0      0      0      18    
0x7b200527c180           LOP3.LUT R32, R38, 0xf, RZ, 0xc0, !PT                       72     27     72     524288 16777216 16777216 32     32     0      -             -          -      0       0      0        0        0       0       0        0       -      0      0      0      0      0      0      0      0      3      0      0      0      0      0      0      0      0      0      5      31     0      0      0      33     0      0      1      0      0      0      0      0      0      0      0      0      0      0      0      0      0      26    
0x7b200527c190           LOP3.LUT R41, R42, 0xf, RZ, 0xc0, !PT                       51     21     51     524288 16777216 16777216 32     32     0      -             -          -      0       0      0        0        0       0       0        0       -      0      0      0      0      0      0      0      0      1      0      0      0      0      3      0      0      0      0      2      25     0      0      0      20     0      0      1      0      0      0      0      3      0      0      0      0      0      0      0      0      0      17    
0x7b200527c1a0           SHF.R.U32.HI R46, RZ, 0x4, R46                              55     17     55     524288 16777216 16777216 32     32     0      -             -          -      0       0      0        0        0       0       0        0       -      0      0      0      0      0      0      0      0      1      0      0      0      0      2      0      0      0      0      7      26     0      0      0      19     0      0      0      0      0      0      0      1      0      0      0      0      0      0      0      0      0      16    
0x7b200527c1b0           SHF.R.U32.HI R43, RZ, 0x4, R43                              56     22     56     524288 16777216 16777216 32     32     0      -             -          -      0       0      0        0        0       0       0        0       -      0      0      0      0      0      0      0      0      3      0      0      0      0      0      0      0      0      0      2      23     0      0      0      28     0      0      1      0      0      0      0      0      0      0      0      0      0      0      0      0      0      21    
0x7b200527c1c0           SHF.R.U32.HI R38, RZ, 0x4, R38                              137    41     137    524288 16777216 16777216 32     32     0      -             -          -      0       0      0        0        0       0       0        0       -      0      0      0      0      0      0      0      0      5      0      0      0      0      36     0      0      0      0      42     24     0      0      0      30     0      0      2      0      0      0      0      17     0      0      0      0      0      0      0      0      0      22    
0x7b200527c1d0           SHF.R.U32.HI R39, RZ, 0x4, R39                              56     24     56     524288 16777216 16777216 32     32     0      -             -          -      0       0      0        0        0       0       0        0       -      0      0      0      0      0      0      0      0      0      0      0      0      0      1      0      0      0      0      7      20     0      0      0      28     0      0      0      0      0      0      0      0      0      0      0      0      0      0      0      0      0      24    
0x7b200527c1e0           SHF.R.U32.HI R42, RZ, 0x4, R42                              61     15     61     524288 16777216 16777216 32     32     0      -             -          -      0       0      0        0        0       0       0        0       -      0      0      0      0      0      0      0      0      3      0      0      0      0      0      0      0      0      0      7      33     0      0      0      18     0      0      2      0      0      0      0      0      0      0      0      0      0      0      0      0      0      13    
0x7b200527c1f0           LOP3.LUT R35, R9, 0xf, RZ, 0xc0, !PT                        56     22     56     524288 16777216 16777216 32     32     0      -             -          -      0       0      0        0        0       0       0        0       -      0      0      0      0      0      0      0      0      1      0      0      0      0      2      0      0      0      0      8      22     0      0      0      23     0      0      1      0      0      0      0      2      0      0      0      0      0      0      0      0      0      19    
0x7b200527c200           SHF.R.U32.HI R9, RZ, 0x4, R9                                60     18     60     524288 16777216 16777216 32     32     0      -             -          -      0       0      0        0        0       0       0        0       -      0      0      0      0      0      0      0      0      1      0      0      0      0      0      0      0      0      0      3      36     0      0      0      20     0      0      1      0      0      0      0      0      0      0      0      0      0      0      0      0      0      17    
0x7b200527c210           SGXT.U32 R47, R47, 0x4                                      51     17     51     524288 16777216 16777216 32     32     0      -             -          -      0       0      0        0        0       0       0        0       -      0      0      0      0      0      0      0      0      1      0      0      0      0      2      0      0      0      0      3      21     0      0      0      24     0      0      0      0      0      0      0      0      0      0      0      0      0      0      0      0      0      17    
0x7b200527c220           SGXT.U32 R11, R11, 0x4                                      110    40     110    524288 16777216 16777216 32     32     0      -             -          -      0       0      0        0        0       0       0        0       -      0      0      0      0      0      0      0      0      4      0      0      0      0      27     0      0      0      0      26     24     0      0      0      29     0      0      2      0      0      0      0      15     0      0      0      0      0      0      0      0      0      23    
0x7b200527c230           SGXT.U32 R46, R46, 0x4                                      61     27     61     524288 16777216 16777216 32     32     0      -             -          -      0       0      0        0        0       0       0        0       -      0      0      0      0      0      0      0      0      0      0      0      0      0      1      0      0      0      0      9      23     0      0      0      28     0      0      0      0      0      0      0      0      0      0      0      0      0      0      0      0      0      27    
0x7b200527c240           SGXT.U32 R43, R43, 0x4                                      63     24     63     524288 16777216 16777216 32     32     0      -             -          -      0       0      0        0        0       0       0        0       -      0      0      0      0      0      0      0      0      2      0      0      0      0      3      0      0      0      0      6      25     0      0      0      27     0      0      2      0      0      0      0      3      0      0      0      0      0      0      0      0      0      19    
0x7b200527c250           SGXT.U32 R38, R38, 0x4                                      69     32     69     524288 16777216 16777216 32     32     0      -             -          -      0       0      0        0        0       0       0        0       -      0      0      0      0      0      0      0      0      3      0      0      0      0      1      0      0      0      0      4      27     0      0      0      34     0      0      2      0      0      0      0      1      0      0      0      0      0      0      0      0      0      29    
0x7b200527c260           SGXT.U32 R39, R39, 0x4                                      57     26     57     524288 16777216 16777216 32     32     0      -             -          -      0       0      0        0        0       0       0        0       -      0      0      0      0      0      0      0      0      0      0      0      0      0      0      0      0      0      0      4      25     0      0      0      28     0      0      0      0      0      0      0      0      0      0      0      0      0      0      0      0      0      26    
0x7b200527c270           SGXT.U32 R42, R42, 0x4                                      61     27     61     524288 16777216 16777216 32     32     0      -             -          -      0       0      0        0        0       0       0        0       -      0      0      0      0      0      0      0      0      2      0      0      0      0      0      0      0      0      0      5      24     0      0      0      30     0      0      2      0      0      0      0      0      0      0      0      0      0      0      0      0      0      25    
0x7b200527c280           SGXT.U32 R9, R9, 0x4                                        109    33     109    524288 16777216 16777216 32     32     0      -             -          -      0       0      0        0        0       0       0        0       -      0      0      0      0      0      0      0      0      1      0      0      0      0      24     0      0      0      0      30     23     0      0      0      31     0      0      1      0      0      0      0      7      0      0      0      0      0      0      0      0      0      25    
0x7b200527c290           I2FP.F32.U32 R28, R28                                       49     27     49     524288 16777216 16777216 32     32     0      -             -          -      0       0      0        0        0       0       0        0       -      0      0      0      0      0      0      0      0      2      0      0      0      0      3      0      0      0      0      4      15     0      0      0      25     0      0      1      0      0      0      0      1      0      0      0      0      0      0      0      0      0      25    
0x7b200527c2a0           I2FP.F32.U32 R29, R29                                       41     14     41     524288 16777216 16777216 32     32     0      -             -          -      0       0      0        0        0       0       0        0       -      0      0      0      0      0      0      0      0      0      0      0      0      0      2      0      0      0      0      1      23     0      0      0      15     0      0      0      0      0      0      0      2      0      0      0      0      0      0      0      0      0      12    
0x7b200527c2b0           I2FP.F32.U32 R45, R45                                       58     29     58     524288 16777216 16777216 32     32     0      -             -          -      0       0      0        0        0       0       0        0       -      0      0      0      0      0      0      0      0      0      0      0      0      0      2      0      0      0      0      2      25     0      0      0      29     0      0      0      0      0      0      0      2      0      0      0      0      0      0      0      0      0      27    
0x7b200527c2c0           I2FP.F32.U32 R40, R40                                       54     19     54     524288 16777216 16777216 32     32     0      -             -          -      0       0      0        0        0       0       0        0       -      0      0      0      0      0      0      0      0      1      0      0      0      0      1      0      0      0      0      4      27     0      0      0      21     0      0      0      0      0      0      0      0      0      0      0      0      0      0      0      0      0      19    
0x7b200527c2d0           I2FP.F32.U32 R32, R32                                       73     29     73     524288 16777216 16777216 32     32     0      -             -          -      0       0      0        0        0       0       0        0       -      0      0      0      0      0      0      0      0      0      0      0      0      0      0      0      0      0      0      3      38     0      0      0      32     0      0      0      0      0      0      0      0      0      0      0      0      0      0      0      0      0      29    
0x7b200527c2e0           HADD2.F32 R5, -RZ, R5.H0_H0                                 23     0      23     524288 16777216 16777216 32     32     0      -             -          -      0       0      0        0        0       0       0        0       -      0      0      0      0      0      0      0      0      0      0      0      0      0      0      0      0      0      0      0      23     0      0      0      0      0      0      0      0      0      0      0      0      0      0      0      0      0      0      0      0      0      0     
0x7b200527c2f0           I2FP.F32.U32 R37, R37                                       30     0      30     524288 16777216 16777216 32     32     0      -             -          -      0       0      0        0        0       0       0        0       -      0      0      0      0      0      0      0      0      0      0      0      0      0      0      0      0      0      0      0      30     0      0      0      0      0      0      0      0      0      0      0      0      0      0      0      0      0      0      0      0      0      0     
0x7b200527c300           I2FP.F32.U32 R41, R41                                       131    48     131    524288 16777216 16777216 32     32     0      -             -          -      0       0      0        0        0       0       0        0       -      0      0      0      0      0      0      0      0      4      0      0      0      0      45     0      0      0      0      34     27     0      0      0      21     0      0      2      0      0      0      0      29     0      0      0      0      0      0      0      0      0      17    
0x7b200527c310           HADD2.F32 R36, -RZ, R36.H0_H0                               30     0      30     524288 16777216 16777216 32     32     0      -             -          -      0       0      0        0        0       0       0        0       -      0      0      0      0      0      0      0      0      0      0      0      0      0      0      0      0      0      0      0      30     0      0      0      0      0      0      0      0      0      0      0      0      0      0      0      0      0      0      0      0      0      0     
0x7b200527c320           I2FP.F32.U32 R35, R35                                       17     0      17     524288 16777216 16777216 32     32     0      -             -          -      0       0      0        0        0       0       0        0       -      0      0      0      0      0      0      0      0      1      0      0      0      0      0      0      0      0      0      0      16     0      0      0      0      0      0      0      0      0      0      0      0      0      0      0      0      0      0      0      0      0      0     
0x7b200527c330           I2FP.F32.U32 R47, R47                                       71     23     71     524288 16777216 16777216 32     32     0      -             -          -      0       0      0        0        0       0       0        0       -      0      0      0      0      0      0      0      0      1      0      0      0      0      6      0      0      0      0      6      28     0      0      0      30     0      0      0      0      0      0      0      2      0      0      0      0      0      0      0      0      0      21    
0x7b200527c340           I2FP.F32.U32 R11, R11                                       54     21     54     524288 16777216 16777216 32     32     0      -             -          -      0       0      0        0        0       0       0        0       -      0      0      0      0      0      0      0      0      1      0      0      0      0      1      0      0      0      0      4      26     0      0      0      22     0      0      1      0      0      0      0      0      0      0      0      0      0      0      0      0      0      20    
0x7b200527c350           FFMA R28, R28, R5, R36                                      24     0      24     524288 16777216 16777216 32     32     0      -             -          -      0       0      0        0        0       0       0        0       -      0      0      0      0      0      0      0      0      0      0      0      0      0      0      0      0      0      0      0      24     0      0      0      0      0      0      0      0      0      0      0      0      0      0      0      0      0      0      0      0      0      0     
0x7b200527c360           I2FP.F32.U32 R46, R46                                       32     0      32     524288 16777216 16777216 32     32     0      -             -          -      0       0      0        0        0       0       0        0       -      0      0      0      0      0      0      0      0      2      0      0      0      0      0      0      0      0      0      0      30     0      0      0      0      0      0      0      0      0      0      0      0      0      0      0      0      0      0      0      0      0      0     
0x7b200527c370           FFMA R29, R29, R5, R36                                      19     0      19     524288 16777216 16777216 32     32     0      -             -          -      0       0      0        0        0       0       0        0       -      0      0      0      0      0      0      0      0      1      0      0      0      0      0      0      0      0      0      0      18     0      0      0      0      0      0      0      0      0      0      0      0      0      0      0      0      0      0      0      0      0      0     
0x7b200527c380           I2FP.F32.U32 R43, R43                                       25     0      25     524288 16777216 16777216 32     32     0      -             -          -      0       0      0        0        0       0       0        0       -      0      0      0      0      0      0      0      0      2      0      0      0      0      0      0      0      0      0      0      23     0      0      0      0      0      0      0      0      0      0      0      0      0      0      0      0      0      0      0      0      0      0     
0x7b200527c390           FFMA R45, R45, R5, R36                                      28     0      28     524288 16777216 16777216 32     32     0      -             -          -      0       0      0        0        0       0       0        0       -      0      0      0      0      0      0      0      0      2      0      0      0      0      0      0      0      0      0      0      26     0      0      0      0      0      0      0      0      0      0      0      0      0      0      0      0      0      0      0      0      0      0     
0x7b200527c3a0           I2FP.F32.U32 R38, R38                                       30     0      30     524288 16777216 16777216 32     32     0      -             -          -      0       0      0        0        0       0       0        0       -      0      0      0      0      0      0      0      0      2      0      0      0      0      0      0      0      0      0      0      28     0      0      0      0      0      0      0      0      0      0      0      0      0      0      0      0      0      0      0      0      0      0     
0x7b200527c3b0           FFMA R40, R40, R5, R36                                      25     0      25     524288 16777216 16777216 32     32     0      -             -          -      0       0      0        0        0       0       0        0       -      0      0      0      0      0      0      0      0      2      0      0      0      0      0      0      0      0      0      0      23     0      0      0      0      0      0      0      0      0      0      0      0      0      0      0      0      0      0      0      0      0      0     
0x7b200527c3c0           I2FP.F32.U32 R39, R39                                       13     0      13     524288 16777216 16777216 32     32     0      -             -          -      0       0      0        0        0       0       0        0       -      0      0      0      0      0      0      0      0      0      0      0      0      0      0      0      0      0      0      0      13     0      0      0      0      0      0      0      0      0      0      0      0      0      0      0      0      0      0      0      0      0      0     
0x7b200527c3d0           FFMA R32, R32, R5, R36                                      19     0      19     524288 16777216 16777216 32     32     0      -             -          -      0       0      0        0        0       0       0        0       -      0      0      0      0      0      0      0      0      2      0      0      0      0      0      0      0      0      0      0      17     0      0      0      0      0      0      0      0      0      0      0      0      0      0      0      0      0      0      0      0      0      0     
0x7b200527c3e0           I2FP.F32.U32 R42, R42                                       58     0      58     524288 16777216 16777216 32     32     0      -             -          -      0       0      0        0        0       0       0        0       -      0      0      0      0      0      0      0      0      28     0      0      0      0      0      0      0      0      0      0      30     0      0      0      0      0      0      0      0      0      0      0      0      0      0      0      0      0      0      0      0      0      0     
0x7b200527c3f0           FFMA R37, R37, R5, R36                                      25     0      25     524288 16777216 16777216 32     32     0      -             -          -      0       0      0        0        0       0       0        0       -      0      0      0      0      0      0      0      0      0      0      0      0      0      0      0      0      0      0      0      25     0      0      0      0      0      0      0      0      0      0      0      0      0      0      0      0      0      0      0      0      0      0     
0x7b200527c400           I2FP.F32.U32 R9, R9                                         26     2      26     524288 16777216 16777216 32     32     0      -             -          -      0       0      0        0        0       0       0        0       -      0      0      0      0      0      0      0      0      0      0      0      0      0      0      0      0      0      3      0      23     0      0      0      0      0      0      0      0      0      0      0      0      0      0      0      2      0      0      0      0      0      0     
0x7b200527c410           FFMA R41, R41, R5, R36                                      34     0      34     524288 16777216 16777216 32     32     0      -             -          -      0       0      0        0        0       0       0        0       -      0      0      0      0      0      0      0      0      0      0      0      0      0      0      0      0      0      0      0      34     0      0      0      0      0      0      0      0      0      0      0      0      0      0      0      0      0      0      0      0      0      0     
0x7b200527c420           FFMA R35, R35, R5, R36                                      26     0      26     524288 16777216 16777216 32     32     0      -             -          -      0       0      0        0        0       0       0        0       -      0      0      0      0      0      0      0      0      0      0      0      0      0      0      0      0      0      0      0      26     0      0      0      0      0      0      0      0      0      0      0      0      0      0      0      0      0      0      0      0      0      0     
0x7b200527c430           FFMA R47, R47, R5, R36                                      39     0      39     524288 16777216 16777216 32     32     0      -             -          -      0       0      0        0        0       0       0        0       -      0      0      0      0      0      0      0      0      1      0      0      0      0      0      0      0      0      0      0      38     0      0      0      0      0      0      0      0      0      0      0      0      0      0      0      0      0      0      0      0      0      0     
0x7b200527c440           FFMA R11, R11, R5, R36                                      27     0      27     524288 16777216 16777216 32     32     0      -             -          -      0       0      0        0        0       0       0        0       -      0      0      0      0      0      0      0      0      0      0      0      0      0      0      0      0      0      0      0      27     0      0      0      0      0      0      0      0      0      0      0      0      0      0      0      0      0      0      0      0      0      0     
0x7b200527c450           FFMA R46, R46, R5, R36                                      19     0      19     524288 16777216 16777216 32     32     0      -             -          -      0       0      0        0        0       0       0        0       -      0      0      0      0      0      0      0      0      1      0      0      0      0      0      0      0      0      0      0      18     0      0      0      0      0      0      0      0      0      0      0      0      0      0      0      0      0      0      0      0      0      0     
0x7b200527c460           FFMA R43, R43, R5, R36                                      43     0      43     524288 16777216 16777216 32     32     0      -             -          -      0       0      0        0        0       0       0        0       -      0      0      0      0      0      0      0      0      29     0      0      0      0      0      0      0      0      0      0      14     0      0      0      0      0      0      0      0      0      0      0      0      0      0      0      0      0      0      0      0      0      0     
0x7b200527c470           FFMA R38, R38, R5, R36                                      22     0      22     524288 16777216 16777216 32     32     0      -             -          -      0       0      0        0        0       0       0        0       -      0      0      0      0      0      0      0      0      0      0      0      0      0      0      0      0      0      0      0      22     0      0      0      0      0      0      0      0      0      0      0      0      0      0      0      0      0      0      0      0      0      0     
0x7b200527c480           FFMA R39, R39, R5, R36                                      22     0      22     524288 16777216 16777216 32     32     0      -             -          -      0       0      0        0        0       0       0        0       -      0      0      0      0      0      0      0      0      1      0      0      0      0      0      0      0      0      2      1      18     0      0      0      0      0      0      0      0      0      0      0      0      0      0      0      0      0      0      0      0      0      0     
0x7b200527c490           FFMA R42, R42, R5, R36                                      38     0      38     524288 16777216 16777216 32     32     0      -             -          -      0       0      0        0        0       0       0        0       -      0      0      0      0      0      0      0      0      2      0      0      0      0      0      0      0      0      0      0      36     0      0      0      0      0      0      0      0      0      0      0      0      0      0      0      0      0      0      0      0      0      0     
0x7b200527c4a0           FFMA R36, R9, R5, R36                                       14     0      14     524288 16777216 16777216 32     32     0      -             -          -      0       0      0        0        0       0       0        0       -      0      0      0      0      0      0      0      0      0      0      0      0      0      0      0      0      0      0      0      14     0      0      0      0      0      0      0      0      0      0      0      0      0      0      0      0      0      0      0      0      0      0     
0x7b200527c4b0           F2FP.PACK_AB R28, R47, R28                                  21     0      21     524288 16777216 16777216 32     32     0      -             -          -      0       0      0        0        0       0       0        0       -      0      0      0      0      0      0      0      0      0      0      0      0      0      0      0      0      0      0      0      21     0      0      0      0      0      0      0      0      0      0      0      0      0      0      0      0      0      0      0      0      0      0     
0x7b200527c4c0           LDS R9, [R66]                                               483    425    483    524288 16777216 16777216 32     32     0      Shared        Load       32     0       1      0        524288   524288  0       0        0       -      0      0      0      0      0      0      0      0      0      0      0      0      0      0      0      446    0      0      13     24     0      0      0      0      0      0      0      0      0      0      0      0      0      425    0      0      0      0      0      0      0      0     
0x7b200527c4d0           F2FP.PACK_AB R29, R11, R29                                  20     0      20     524288 16777216 16777216 32     32     0      -             -          -      0       0      0        0        0       0       0        0       -      0      0      0      0      0      0      0      0      0      0      0      0      0      0      0      0      0      0      0      20     0      0      0      0      0      0      0      0      0      0      0      0      0      0      0      0      0      0      0      0      0      0     
0x7b200527c4e0           F2FP.PACK_AB R35, R36, R35                                  184    43     184    524288 16777216 16777216 32     32     0      -             -          -      0       0      0        0        0       0       0        0       -      0      0      0      0      0      0      0      0      2      0      0      0      0      61     0      0      0      0      86     18     0      0      0      17     0      0      0      0      0      0      0      34     0      0      0      0      0      0      0      0      0      9     
0x7b200527c4f0           LDS R5, [R66+0x40]                                          682    584    682    524288 16777216 16777216 32     32     0      Shared        Load       32     0       1      0        524288   524288  0       0        0       -      0      0      0      0      0      0      0      0      2      0      0      0      0      0      0      632    0      0      21     27     0      0      0      0      0      0      0      0      0      0      0      0      0      584    0      0      0      0      0      0      0      0     
0x7b200527c500           F2FP.PACK_AB R34, R42, R41                                  27     0      27     524288 16777216 16777216 32     32     0      -             -          -      0       0      0        0        0       0       0        0       -      0      0      0      0      0      0      0      0      0      0      0      0      0      2      0      0      0      0      0      25     0      0      0      0      0      0      0      0      0      0      0      0      0      0      0      0      0      0      0      0      0      0     
0x7b200527c510           IMAD.MOV.U32 R42, RZ, RZ, RZ                                26     0      26     524288 16777216 16777216 32     32     0      -             -          -      0       0      0        0        0       0       0        0       -      0      0      0      0      0      0      0      0      1      0      0      0      0      0      0      0      0      0      0      25     0      0      0      0      0      0      0      0      0      0      0      0      0      0      0      0      0      0      0      0      0      0     
0x7b200527c520           F2FP.PACK_AB R33, R39, R37                                  28     0      28     524288 16777216 16777216 32     32     0      -             -          -      0       0      0        0        0       0       0        0       -      0      0      0      0      0      0      0      0      2      0      0      0      0      0      0      0      0      0      0      26     0      0      0      0      0      0      0      0      0      0      0      0      0      0      0      0      0      0      0      0      0      0     
0x7b200527c530           STS [R58], R31                                              567    481    567    524288 16777216 16777216 32     32     0      Shared        Store      32     0       2      524288   1048576  524288  0       0        0       -      0      0      0      0      0      0      0      0      2      0      0      0      0      0      0      524    0      0      15     26     0      0      0      0      0      0      0      0      0      0      0      0      0      481    0      0      0      0      0      0      0      0     
0x7b200527c540           F2FP.PACK_AB R32, R38, R32                                  23     0      23     524288 16777216 16777216 32     32     0      -             -          -      0       0      0        0        0       0       0        0       -      0      0      0      0      0      0      0      0      1      0      0      0      0      0      0      0      0      0      0      22     0      0      0      0      0      0      0      0      0      0      0      0      0      0      0      0      0      0      0      0      0      0     
0x7b200527c550           IADD3 R11, R3, 0x10, RZ                                     88     25     88     524288 16777216 16777216 32     32     0      -             -          -      0       0      0        0        0       0       0        0       -      0      0      0      0      0      0      0      0      0      0      0      0      0      9      0      0      0      0      11     32     0      0      0      36     0      0      0      0      0      0      0      5      0      0      0      0      0      0      0      0      0      20    
0x7b200527c560           STS [R58+0x100], R30                                        677    568    677    524288 16777216 16777216 32     32     0      Shared        Store      32     0       2      524288   1048576  524288  0       0        0       -      0      0      0      0      0      0      0      0      2      0      0      0      0      0      0      629    0      0      19     27     0      0      0      0      0      0      0      0      0      0      0      0      0      568    0      0      0      0      0      0      0      0     
0x7b200527c570           IMAD.U32 R3, RZ, RZ, UR7                                    26     0      26     524288 16777216 16777216 32     32     0      -             -          -      0       0      0        0        0       0       0        0       -      0      0      0      0      0      0      0      0      0      0      0      0      0      0      0      0      0      0      0      26     0      0      0      0      0      0      0      0      0      0      0      0      0      0      0      0      0      0      0      0      0      0     
0x7b200527c580           BAR.SYNC.DEFER_BLOCKING 0x0                                 1073   872    1073   524288 16777216 16777216 32     32     0      -             -          -      0       0      0        0        0       0       0        0       -      0      0      0      0      0      0      0      0      4      0      0      148    0      0      0      789    0      0      59     27     0      0      0      46     0      0      0      0      0      136    0      0      0      719    0      0      0      0      0      0      0      17    
0x7b200527c590           ISETP.GE.AND P0, PT, R11, UR6, PT                           24     0      24     524288 16777216 16777216 32     32     0      -             -          -      0       0      0        0        0       0       0        0       -      0      0      0      0      0      0      0      0      1      0      0      0      0      0      0      0      0      0      0      23     0      0      0      0      0      0      0      0      0      0      0      0      0      0      0      0      0      0      0      0      0      0     
0x7b200527c5a0           F2FP.PACK_AB R31, R43, R40                                  822    592    822    524288 16777216 16777216 32     32     0      -             -          -      0       0      0        0        0       0       0        0       -      0      0      0      0      0      0      0      0      17     0      0      0      0      35     0      0      0      0      45     16     686    0      0      23     0      0      8      0      0      0      0      9      0      0      0      0      0      0      562    0      0      13    
0x7b200527c5b0           SHF.R.S32.HI R40, RZ, 0x1f, R11                             69     16     69     524288 16777216 16777216 32     32     0      -             -          -      0       0      0        0        0       0       0        0       -      0      0      0      0      0      0      0      0      2      0      0      0      0      4      0      0      0      0      15     20     0      0      0      28     0      0      1      0      0      0      0      0      0      0      0      0      0      0      0      0      0      15    
0x7b200527c5c0           F2FP.PACK_AB R30, R46, R45                                  535    380    535    524288 16777216 16777216 32     32     0      -             -          -      0       0      0        0        0       0       0        0       -      0      0      0      0      0      0      0      0      7      0      0      0      0      27     0      0      0      0      29     42     397    0      0      33     0      0      6      0      0      0      0      12     0      0      0      0      0      0      338    0      0      24    
0x7b200527c5d0           LEA.HI R40, R40, R11, RZ, 0x4                               62     23     62     524288 16777216 16777216 32     32     0      -             -          -      0       0      0        0        0       0       0        0       -      0      0      0      0      0      0      0      0      2      0      0      0      0      6      0      0      0      0      12     18     0      0      0      24     0      0      1      0      0      0      0      5      0      0      0      0      0      0      0      0      0      17    
0x7b200527c5e0           ISETP.LT.AND P2, PT, R3, UR14, !P0                          68     22     68     524288 16777216 16777216 32     32     0      -             -          -      0       0      0        0        0       0       0        0       -      0      0      0      0      0      0      0      0      3      0      0      0      0      4      0      0      0      0      7      26     0      0      0      28     0      0      0      0      0      0      0      1      0      0      0      0      0      0      0      0      0      21    
0x7b200527c5f0           SHF.R.S32.HI R3, RZ, 0x4, R40                               156    44     156    524288 16777216 16777216 32     32     0      -             -          -      0       0      0        0        0       0       0        0       -      0      0      0      0      0      0      0      0      10     0      0      0      0      42     0      0      0      0      54     25     0      0      0      25     0      0      5      0      0      0      0      23     0      0      0      0      0      0      0      0      0      16    
0x7b200527c600           LEA R36, P1, R3, UR12, 0x2                                  218    76     218    524288 16777216 16777216 32     32     0      -             -          -      0       0      0        0        0       0       0        0       -      0      0      0      0      0      0      0      0      3      0      0      0      0      43     0      0      0      0      70     29     0      0      0      73     0      0      1      0      0      0      0      27     0      0      0      0      0      0      0      0      0      48    
0x7b200527c610           LEA.HI.X.SX32 R37, R3, UR13, 0x2, P1                        187    76     187    524288 16777216 16777216 32     32     0      -             -          -      0       0      0        0        0       0       0        0       -      0      0      0      0      0      0      0      0      6      0      0      0      0      38     0      0      0      0      50     25     0      0      0      68     0      0      4      0      0      0      0      25     0      0      0      0      0      0      0      0      0      47    
0x7b200527c620           STS.128 [R60+0x3000], R28                                   3753   2945   3753   524288 16777216 16777216 32     32     0      Shared        Store      128    0       8      2097152  4194304  2097152 0       0        0       -      0      0      0      0      0      0      3215   0      7      0      0      0      0      0      0      466    0      0      35     30     0      0      0      0      2514   0      2      0      0      0      0      0      0      429    0      0      0      0      0      0      0      0     
0x7b200527c630           STS.128 [R51+0x3000], R32                                   541    412    541    524288 16777216 16777216 32     32     0      Shared        Store      128    0       8      2097152  4194304  2097152 0       0        0       -      0      0      0      0      0      0      0      0      3      0      0      0      0      0      0      381    0      0      23     23     0      0      0      111    0      0      1      0      0      0      0      0      0      349    0      0      0      0      0      0      0      62    
0x7b200527c640           LDS.64 R28, [R57]                                           648    515    648    524288 16777216 16777216 32     32     0      Shared        Load       64     0       2      0        1048576  1048576 0       0        0       -      0      0      0      0      0      0      0      0      0      0      0      0      0      0      0      503    0      0      30     23     0      0      0      92     0      0      0      0      0      0      0      0      0      460    0      0      0      0      0      0      0      55    
0x7b200527c650           LDS.64 R30, [R57+0x100]                                     812    623    812    524288 16777216 16777216 32     32     0      Shared        Load       64     0       2      0        1048576  1048576 0       0        0       -      0      0      0      0      0      0      0      0      7      0      0      0      0      0      0      643    0      0      41     32     0      0      0      89     0      0      1      0      0      0      0      0      0      563    0      0      0      0      0      0      0      59    
0x7b200527c660           BAR.SYNC.DEFER_BLOCKING 0x0                                 976    768    976    524288 16777216 16777216 32     32     0      -             -          -      0       0      0        0        0       0       0        0       -      0      0      0      0      0      0      0      0      6      0      0      73     0      0      0      748    0      0      42     32     0      0      0      75     0      0      3      0      0      68     0      0      0      655    0      0      0      0      0      0      0      42    
0x7b200527c670     @P2   LDG.E R42, [R36.64]                                         5510   4305   5510   524288 16777216 14680064 32     28     0      Global        Load       32     458752  0      0        0        0       0       458752   458752         0      0      0      0      0      0      4667   0      3      0      0      147    0      0      0      494    0      0      50     27     0      0      0      122    3638   0      1      0      0      138    0      0      0      455    0      0      0      0      0      0      0      73    
0x7b200527c680           FADD R3, -R8, R4                                            31     0      31     524288 16777216 16777216 32     32     0      -             -          -      0       0      0        0        0       0       0        0       -      0      0      0      0      0      0      0      0      0      0      0      0      0      0      0      0      0      0      0      31     0      0      0      0      0      0      0      0      0      0      0      0      0      0      0      0      0      0      0      0      0      0     
0x7b200527c690           FADD R4, -R10, R7                                           19     0      19     524288 16777216 16777216 32     32     0      -             -          -      0       0      0        0        0       0       0        0       -      0      0      0      0      0      0      0      0      0      0      0      0      0      0      0      0      0      0      0      19     0      0      0      0      0      0      0      0      0      0      0      0      0      0      0      0      0      0      0      0      0      0     
0x7b200527c6a0           LOP3.LUT R40, R40, 0xfffffff0, RZ, 0xc0, !PT                39     0      39     524288 16777216 16777216 32     32     0      -             -          -      0       0      0        0        0       0       0        0       -      0      0      0      0      0      0      0      0      4      0      0      0      0      0      0      0      0      0      0      35     0      0      0      0      0      0      0      0      0      0      0      0      0      0      0      0      0      0      0      0      0      0     
0x7b200527c6b0           LDSM.16.MT88.4 R32, [R61+0x3000]                            353    279    353    524288 16777216 16777216 32     32     0      Shared        Load       128    0       8      2097152  4194304  2097152 0       0        0       -      0      0      0      0      0      0      0      0      3      0      0      0      0      0      0      318    0      0      8      24     0      0      0      0      0      0      0      0      0      0      0      0      0      279    0      0      0      0      0      0      0      0     
0x7b200527c6c0           MUFU.EX2 R3, R3                                             105    33     105    524288 16777216 16777216 32     32     0      -             -          -      0       0      0        0        0       0       0        0       -      0      0      0      0      0      0      0      0      5      0      0      0      0      0      0      0      0      0      19     25     0      0      0      56     0      0      2      0      0      0      0      0      0      0      0      0      0      0      0      0      0      31    
0x7b200527c6d0           IMAD.MOV.U32 R38, RZ, RZ, R29                               49     17     49     524288 16777216 16777216 32     32     0      -             -          -      0       0      0        0        0       0       0        0       -      0      0      0      0      0      0      0      0      0      0      0      0      0      0      0      0      0      0      1      27     21     0      0      0      0      0      0      0      0      0      0      0      0      0      0      0      0      0      17     0      0      0     
0x7b200527c6e0           IMAD.MOV.U32 R36, RZ, RZ, R28                               996    753    996    524288 16777216 16777216 32     32     0      -             -          -      0       0      0        0        0       0       0        0       -      0      0      0      0      0      0      0      0      4      0      0      0      890    18     0      0      0      0      35     27     0      0      0      22     0      0      0      0      0      0      739    4      0      0      0      0      0      0      0      0      0      10    
0x7b200527c6f0           IMAD.MOV.U32 R37, RZ, RZ, R30                               141    67     141    524288 16777216 16777216 32     32     0      -             -          -      0       0      0        0        0       0       0        0       -      0      0      0      0      0      0      0      0      0      0      0      0      0      10     0      0      0      0      12     12     88     0      0      19     0      0      0      0      0      0      0      1      0      0      0      0      0      0      58     0      0      8     
0x7b200527c700           IMAD.MOV.U32 R39, RZ, RZ, R31                               65     14     65     524288 16777216 16777216 32     32     0      -             -          -      0       0      0        0        0       0       0        0       -      0      0      0      0      0      0      0      0      1      0      0      0      0      4      0      0      0      0      9      25     0      0      0      26     0      0      0      0      0      0      0      0      0      0      0      0      0      0      0      0      0      14    
0x7b200527c710           MUFU.EX2 R4, R4                                             30     0      30     524288 16777216 16777216 32     32     0      -             -          -      0       0      0        0        0       0       0        0       -      0      0      0      0      0      0      0      0      3      0      0      0      0      0      0      0      0      0      0      27     0      0      0      0      0      0      0      0      0      0      0      0      0      0      0      0      0      0      0      0      0      0     
0x7b200527c720           IMAD.IADD R40, R11, 0x1, -R40                               22     0      22     524288 16777216 16777216 32     32     0      -             -          -      0       0      0        0        0       0       0        0       -      0      0      0      0      0      0      0      0      1      0      0      0      0      0      0      0      0      0      0      21     0      0      0      0      0      0      0      0      0      0      0      0      0      0      0      0      0      0      0      0      0      0     
0x7b200527c730           IMAD.U32 R11, RZ, RZ, UR10                                  66     13     66     524288 16777216 16777216 32     32     0      -             -          -      0       0      0        0        0       0       0        0       -      0      0      0      0      0      0      0      0      0      0      0      0      0      4      0      0      0      0      12     30     0      0      0      20     0      0      0      0      0      0      0      0      0      0      0      0      0      0      0      0      0      13    
0x7b200527c740           FMUL R20, R3, R20                                           34     0      34     524288 16777216 16777216 32     32     0      -             -          -      0       0      0        0        0       0       0        0       -      0      0      0      0      0      0      0      0      0      0      0      0      0      0      0      0      0      0      0      34     0      0      0      0      0      0      0      0      0      0      0      0      0      0      0      0      0      0      0      0      0      0     
0x7b200527c750           FMUL R21, R3, R21                                           25     0      25     524288 16777216 16777216 32     32     0      -             -          -      0       0      0        0        0       0       0        0       -      0      0      0      0      0      0      0      0      0      0      0      0      0      0      0      0      0      0      0      25     0      0      0      0      0      0      0      0      0      0      0      0      0      0      0      0      0      0      0      0      0      0     
0x7b200527c760           FMUL R12, R3, R12                                           27     0      27     524288 16777216 16777216 32     32     0      -             -          -      0       0      0        0        0       0       0        0       -      0      0      0      0      0      0      0      0      1      0      0      0      0      0      0      0      0      0      0      26     0      0      0      0      0      0      0      0      0      0      0      0      0      0      0      0      0      0      0      0      0      0     
0x7b200527c770           FMUL R13, R3, R13                                           26     0      26     524288 16777216 16777216 32     32     0      -             -          -      0       0      0        0        0       0       0        0       -      0      0      0      0      0      0      0      0      1      0      0      0      0      0      0      0      0      0      0      25     0      0      0      0      0      0      0      0      0      0      0      0      0      0      0      0      0      0      0      0      0      0     
0x7b200527c780           FMUL R24, R3, R24                                           31     0      31     524288 16777216 16777216 32     32     0      -             -          -      0       0      0        0        0       0       0        0       -      0      0      0      0      0      0      0      0      1      0      0      0      0      0      0      0      0      0      0      30     0      0      0      0      0      0      0      0      0      0      0      0      0      0      0      0      0      0      0      0      0      0     
0x7b200527c790           FMUL R25, R3, R25                                           32     0      32     524288 16777216 16777216 32     32     0      -             -          -      0       0      0        0        0       0       0        0       -      0      0      0      0      0      0      0      0      2      0      0      0      0      0      0      0      0      0      0      30     0      0      0      0      0      0      0      0      0      0      0      0      0      0      0      0      0      0      0      0      0      0     
0x7b200527c7a0           FMUL R22, R4, R22                                           225    107    225    524288 16777216 16777216 32     32     0      -             -          -      0       0      0        0        0       0       0        0       -      0      0      0      0      0      0      0      0      4      0      0      0      0      0      0      0      0      0      29     21     171    0      0      0      0      0      0      0      0      0      0      0      0      0      0      0      0      0      107    0      0      0     
0x7b200527c7b0           FMUL R23, R4, R23                                           28     0      28     524288 16777216 16777216 32     32     0      -             -          -      0       0      0        0        0       0       0        0       -      0      0      0      0      0      0      0      0      3      0      0      0      0      0      0      0      0      0      0      25     0      0      0      0      0      0      0      0      0      0      0      0      0      0      0      0      0      0      0      0      0      0     
0x7b200527c7c0           FMUL R14, R4, R14                                           32     0      32     524288 16777216 16777216 32     32     0      -             -          -      0       0      0        0        0       0       0        0       -      0      0      0      0      0      0      0      0      1      0      0      0      0      0      0      0      0      0      0      31     0      0      0      0      0      0      0      0      0      0      0      0      0      0      0      0      0      0      0      0      0      0     
0x7b200527c7d0           FMUL R15, R4, R15                                           27     0      27     524288 16777216 16777216 32     32     0      -             -          -      0       0      0        0        0       0       0        0       -      0      0      0      0      0      0      0      0      2      0      0      0      0      0      0      0      0      0      0      25     0      0      0      0      0      0      0      0      0      0      0      0      0      0      0      0      0      0      0      0      0      0     
0x7b200527c7e0           FMUL R26, R4, R26                                           22     0      22     524288 16777216 16777216 32     32     0      -             -          -      0       0      0        0        0       0       0        0       -      0      0      0      0      0      0      0      0      1      0      0      0      0      0      0      0      0      0      0      21     0      0      0      0      0      0      0      0      0      0      0      0      0      0      0      0      0      0      0      0      0      0     
0x7b200527c7f0           FMUL R27, R4, R27                                           24     0      24     524288 16777216 16777216 32     32     0      -             -          -      0       0      0        0        0       0       0        0       -      0      0      0      0      0      0      0      0      2      0      0      0      0      0      0      0      0      0      0      22     0      0      0      0      0      0      0      0      0      0      0      0      0      0      0      0      0      0      0      0      0      0     
0x7b200527c800           HMMA.16816.F32 R20, R36, R32, R20                           1170   820    1170   524288 16777216 16777216 32     32     0      -             -          -      0       0      0        0        0       0       0        0       -      0      0      0      0      0      0      0      0      0      0      0      0      0      169    0      0      0      0      29     27     900    0      0      45     0      0      0      0      0      0      0      89     0      0      0      0      0      0      712    0      0      19    
0x7b200527c810           HMMA.16816.F32 R12, R36, R34, R12                           910    590    910    524288 16777216 16777216 32     32     0      -             -          -      0       0      0        0        0       0       0        0       -      0      0      0      0      0      0      0      0      2      0      0      0      0      659    0      0      0      0      18     24     0      0      0      207    0      0      0      0      0      0      0      453    0      0      0      0      0      0      0      0      0      137   
0x7b200527c820           LDSM.16.MT88.4 R32, [R63+0x3000]                            507    435    507    524288 16777216 16777216 32     32     0      Shared        Load       128    0       8      2097152  4194304  2097152 0       0        0       -      0      0      0      0      0      0      0      0      0      0      0      0      0      0      0      457    0      0      23     27     0      0      0      0      0      0      0      0      0      0      0      0      0      435    0      0      0      0      0      0      0      0     
0x7b200527c830           IMAD.HI R37, R40, 0x400, RZ                                 193    95     193    524288 16777216 16777216 32     32     0      -             -          -      0       0      0        0        0       0       0        0       -      0      0      0      0      0      0      0      0      12     0      0      0      0      12     0      0      0      0      11     32     0      0      0      126    0      0      4      0      0      0      0      0      0      0      0      0      0      0      0      0      0      91    
0x7b200527c840           IMAD.SHL.U32 R36, R40, 0x400, RZ                            185    56     185    524288 16777216 16777216 32     32     0      -             -          -      0       0      0        0        0       0       0        0       -      0      0      0      0      0      0      0      0      29     0      0      0      0      21     0      0      0      0      23     30     0      0      0      82     0      0      3      0      0      0      0      2      0      0      0      0      0      0      0      0      0      51    
0x7b200527c850           IMAD.WIDE.U32 R36, R11, 0x80, R36                           303    46     303    524288 16777216 16777216 32     32     0      -             -          -      0       0      0        0        0       0       0        0       -      0      0      0      0      0      0      0      0      2      0      0      0      0      11     0      0      0      0      15     29     0      0      0      246    0      0      0      0      0      0      0      4      0      0      0      0      0      0      0      0      0      42    
0x7b200527c860           SHF.R.S32.HI R7, RZ, 0x1f, R42                              1275   924    1275   524288 16777216 16777216 32     32     0      -             -          -      0       0      0        0        0       0       0        0       -      0      0      0      0      0      0      0      0      4      0      0      0      1182   26     0      0      0      0      33     30     0      0      0      0      0      0      1      0      0      0      911    12     0      0      0      0      0      0      0      0      0      0     
0x7b200527c870           IMAD.WIDE.U32 R40, R42, c[0x0][0x1a8], R36                  220    112    220    524288 16777216 16777216 32     32     0      -             -          -      0       0      0        0        0       0       0        0       -      0      0      0      0      0      0      0      0      4      0      0      0      0      12     0      0      0      0      33     19     0      0      0      152    0      0      1      0      0      0      0      3      0      0      0      0      0      0      0      0      0      108   
0x7b200527c880           IMAD R7, R7, c[0x0][0x1a8], RZ                              163    53     163    524288 16777216 16777216 32     32     0      -             -          -      0       0      0        0        0       0       0        0       -      0      0      0      0      0      0      0      0      11     0      0      0      0      14     0      0      0      0      24     33     0      0      0      81     0      0      2      0      0      0      0      0      0      0      0      0      0      0      0      0      0      51    
0x7b200527c890           IMAD.MOV.U32 R36, RZ, RZ, R28                               137    15     137    524288 16777216 16777216 32     32     0      -             -          -      0       0      0        0        0       0       0        0       -      0      0      0      0      0      0      0      0      3      0      0      0      0      3      0      0      0      0      7      37     0      0      0      87     0      0      0      0      0      0      0      1      0      0      0      0      0      0      0      0      0      14    
0x7b200527c8a0           IMAD R11, R42, UR4, R7                                      51     11     51     524288 16777216 16777216 32     32     0      -             -          -      0       0      0        0        0       0       0        0       -      0      0      0      0      0      0      0      0      1      0      0      0      0      3      0      0      0      0      8      19     0      0      0      20     0      0      0      0      0      0      0      2      0      0      0      0      0      0      0      0      0      9     
0x7b200527c8b0           IADD3 R42, P1, R40, c[0x0][0x168], RZ                       21     0      21     524288 16777216 16777216 32     32     0      -             -          -      0       0      0        0        0       0       0        0       -      0      0      0      0      0      0      0      0      0      0      0      0      0      0      0      0      0      0      0      21     0      0      0      0      0      0      0      0      0      0      0      0      0      0      0      0      0      0      0      0      0      0     
0x7b200527c8c0           IMAD.MOV.U32 R37, RZ, RZ, R30                               23     0      23     524288 16777216 16777216 32     32     0      -             -          -      0       0      0        0        0       0       0        0       -      0      0      0      0      0      0      0      0      0      0      0      0      0      0      0      0      0      0      0      23     0      0      0      0      0      0      0      0      0      0      0      0      0      0      0      0      0      0      0      0      0      0     
0x7b200527c8d0           PRMT R7, RZ, 0x7610, R7                                     31     0      31     524288 16777216 16777216 32     32     0      -             -          -      0       0      0        0        0       0       0        0       -      0      0      0      0      0      0      0      0      0      0      0      0      0      0      0      0      0      0      0      31     0      0      0      0      0      0      0      0      0      0      0      0      0      0      0      0      0      0      0      0      0      0     
0x7b200527c8e0           IMAD.IADD R11, R41, 0x1, R11                                18     0      18     524288 16777216 16777216 32     32     0      -             -          -      0       0      0        0        0       0       0        0       -      0      0      0      0      0      0      0      0      0      0      0      0      0      0      0      0      0      0      0      18     0      0      0      0      0      0      0      0      0      0      0      0      0      0      0      0      0      0      0      0      0      0     
0x7b200527c8f0           IADD3.X R43, R11, c[0x0][0x16c], RZ, P1, !PT                308    78     308    524288 16777216 16777216 32     32     0      -             -          -      0       0      0        0        0       0       0        0       -      0      0      0      0      0      0      0      0      9      0      0      0      0      66     0      0      0      0      95     36     0      0      0      102    0      0      2      0      0      0      0      29     0      0      0      0      0      0      0      0      0      47    
0x7b200527c900           HMMA.16816.F32 R24, R36, R32, R24                           1355   1066   1355   524288 16777216 16777216 32     32     0      -             -          -      0       0      0        0        0       0       0        0       -      0      0      0      0      0      0      0      0      0      0      0      0      0      160    0      0      0      0      17     28     1150   0      0      0      0      0      0      0      0      0      0      99     0      0      0      0      0      0      967    0      0      0     
0x7b200527c910           PRMT R41, RZ, 0x7610, R41                                   29     0      29     524288 16777216 16777216 32     32     0      -             -          -      0       0      0        0        0       0       0        0       -      0      0      0      0      0      0      0      0      1      0      0      0      0      0      0      0      0      0      0      28     0      0      0      0      0      0      0      0      0      0      0      0      0      0      0      0      0      0      0      0      0      0     
0x7b200527c920           IMAD.WIDE.U32 R42, R44, 0x8, R42                            123    29     123    524288 16777216 16777216 32     32     0      -             -          -      0       0      0        0        0       0       0        0       -      0      0      0      0      0      0      0      0      5      0      0      0      0      23     0      0      0      0      23     27     0      0      0      45     0      0      0      0      0      0      0      3      0      0      0      0      0      0      0      0      0      26    
0x7b200527c930           PRMT R32, RZ, 0x7610, R32                                   288    110    288    524288 16777216 16777216 32     32     0      -             -          -      0       0      0        0        0       0       0        0       -      0      0      0      0      0      0      0      0      78     0      0      0      0      70     0      0      0      0      66     29     0      0      0      45     0      0      47     0      0      0      0      30     0      0      0      0      0      0      0      0      0      33    
0x7b200527c940           PRMT R36, RZ, 0x7610, R36                                   282    197    282    524288 16777216 16777216 32     32     0      -             -          -      0       0      0        0        0       0       0        0       -      0      0      0      0      0      0      0      0      211    0      0      0      0      4      0      0      0      0      9      25     0      0      0      33     0      0      180    0      0      0      0      2      0      0      0      0      0      0      0      0      0      15    
0x7b200527c950     @P2   LDG.E.U8 R7, [R42.64]                                       742    651    742    524288 16777216 14680064 32     28     0      Global        Load       8      1835008 0      0        0        0       3211264 3670016  458752         0      0      0      0      0      0      0      0      1      0      0      146    0      0      0      550    0      0      20     25     0      0      0      0      0      0      0      0      0      131    0      0      0      520    0      0      0      0      0      0      0      0     
0x7b200527c960           PRMT R33, RZ, 0x7610, R33                                   13     0      13     524288 16777216 16777216 32     32     0      -             -          -      0       0      0        0        0       0       0        0       -      0      0      0      0      0      0      0      0      0      0      0      0      0      0      0      0      0      0      0      13     0      0      0      0      0      0      0      0      0      0      0      0      0      0      0      0      0      0      0      0      0      0     
0x7b200527c970           PRMT R37, RZ, 0x7610, R37                                   67     24     67     524288 16777216 16777216 32     32     0      -             -          -      0       0      0        0        0       0       0        0       -      0      0      0      0      0      0      0      0      2      0      0      0      0      7      0      0      0      0      8      25     0      0      0      25     0      0      0      0      0      0      0      3      0      0      0      0      0      0      0      0      0      21    
0x7b200527c980     @P2   LDG.E.U8 R32, [R42.64+0x1]                                  718    628    718    524288 16777216 14680064 32     28     0      Global        Load       8      1835008 0      0        0        0       3211264 3670016  458752         0      0      0      0      0      0      0      0      3      0      0      159    0      0      0      512    0      0      18     26     0      0      0      0      0      0      0      0      0      147    0      0      0      481    0      0      0      0      0      0      0      0     
0x7b200527c990           PRMT R39, RZ, 0x7610, R39                                   40     0      40     524288 16777216 16777216 32     32     0      -             -          -      0       0      0        0        0       0       0        0       -      0      0      0      0      0      0      0      0      1      0      0      0      0      0      0      0      0      0      0      39     0      0      0      0      0      0      0      0      0      0      0      0      0      0      0      0      0      0      0      0      0      0     
0x7b200527c9a0           PRMT R38, RZ, 0x7610, R38                                   65     14     65     524288 16777216 16777216 32     32     0      -             -          -      0       0      0        0        0       0       0        0       -      0      0      0      0      0      0      0      0      0      0      0      0      0      2      0      0      0      0      10     30     0      0      0      23     0      0      0      0      0      0      0      0      0      0      0      0      0      0      0      0      0      14    
0x7b200527c9b0     @P2   LDG.E.U8 R36, [R42.64+0x3]                                  673    573    673    524288 16777216 14680064 32     28     0      Global        Load       8      1835008 0      0        0        0       3211264 3670016  458752         0      0      0      0      0      0      0      0      2      0      0      184    0      0      0      439    0      0      25     23     0      0      0      0      0      0      0      0      0      170    0      0      0      403    0      0      0      0      0      0      0      0     
0x7b200527c9c0     @P2   LDG.E.U8 R33, [R42.64+0x2]                                  744    599    744    524288 16777216 14680064 32     28     0      Global        Load       8      1835008 0      0        0        0       3211264 3670016  458752         0      0      0      0      0      0      0      0      5      0      0      195    0      0      0      414    0      0      27     19     0      0      0      84     0      0      0      0      0      177    0      0      0      368    0      0      0      0      0      0      0      54    
0x7b200527c9d0     @P2   LDG.E.U8 R37, [R42.64+0x4]                                  741    596    741    524288 16777216 14680064 32     28     0      Global        Load       8      1835008 0      0        0        0       3211264 3670016  458752         0      0      0      0      0      0      0      0      3      0      0      221    0      0      0      373    0      0      26     31     0      0      0      87     0      0      1      0      0      201    0      0      0      341    0      0      0      0      0      0      0      53    
0x7b200527c9e0     @P2   LDG.E.U8 R39, [R42.64+0x6]                                  741    581    741    524288 16777216 14680064 32     28     0      Global        Load       8      1835008 0      0        0        0       3211264 3670016  458752         0      0      0      0      0      0      0      0      8      0      0      247    0      0      0      338    0      0      40     32     0      0      0      76     0      0      2      0      0      223    0      0      0      310    0      0      0      0      0      0      0      46    
0x7b200527c9f0     @P2   LDG.E.U8 R38, [R42.64+0x5]                                  670    524    670    524288 16777216 14680064 32     28     0      Global        Load       8      1835008 0      0        0        0       3211264 3670016  458752         0      0      0      0      0      0      0      0      6      0      0      204    0      0      0      311    0      0      37     27     0      0      0      85     0      0      2      0      0      182    0      0      0      284    0      0      0      0      0      0      0      56    
0x7b200527ca00     @P2   LDG.E.U8 R41, [R42.64+0x7]                                  673    524    673    524288 16777216 14680064 32     28     0      Global        Load       8      1835008 0      0        0        0       3211264 3670016  458752         0      0      0      0      0      0      0      0      4      0      0      204    0      0      0      323    0      0      29     26     0      0      0      87     0      0      1      0      0      179    0      0      0      292    0      0      0      0      0      0      0      52    
0x7b200527ca10           LOP3.LUT R42, R0, 0x60, RZ, 0x3c, !PT                       1647   1098   1647   524288 16777216 16777216 32     32     0      -             -          -      0       0      0        0        0       0       0        0       -      0      0      0      0      0      0      0      0      8      0      0      0      1382   90     0      0      0      0      117    24     0      0      0      26     0      0      2      0      0      0      1040   39     0      0      0      0      0      0      0      0      0      17    
0x7b200527ca20           BAR.SYNC.DEFER_BLOCKING 0x0                                 651    513    651    524288 16777216 16777216 32     32     0      -             -          -      0       0      0        0        0       0       0        0       -      0      0      0      0      0      0      0      0      6      0      0      100    0      0      0      456    0      0      39     30     0      0      0      20     0      0      0      0      0      93     0      0      0      411    0      0      0      0      0      0      0      9     
0x7b200527ca30           LOP3.LUT R43, R0, 0x10, RZ, 0x3c, !PT                       20     0      20     524288 16777216 16777216 32     32     0      -             -          -      0       0      0        0        0       0       0        0       -      0      0      0      0      0      0      0      0      1      0      0      0      0      0      0      0      0      0      0      19     0      0      0      0      0      0      0      0      0      0      0      0      0      0      0      0      0      0      0      0      0      0     
0x7b200527ca40           LOP3.LUT R53, R67, 0xf, RZ, 0xc0, !PT                       70     24     70     524288 16777216 16777216 32     32     0      -             -          -      0       0      0        0        0       0       0        0       -      0      0      0      0      0      0      0      0      0      0      0      0      0      4      0      0      0      0      12     20     0      0      0      34     0      0      0      0      0      0      0      3      0      0      0      0      0      0      0      0      0      21    
0x7b200527ca50           LOP3.LUT R45, R53, 0x10, RZ, 0xfc, !PT                      217    82     217    524288 16777216 16777216 32     32     0      -             -          -      0       0      0        0        0       0       0        0       -      0      0      0      0      0      0      0      0      6      0      0      0      0      37     0      0      0      0      73     18     0      0      0      83     0      0      3      0      0      0      0      22     0      0      0      0      0      0      0      0      0      57    
0x7b200527ca60           UISETP.GE.AND UP0, UPT, UR7, UR14, UPT                      31     0      31     524288 16777216 16777216 32     32     0      -             -          -      0       0      0        0        0       0       0        0       -      0      0      0      0      0      0      0      0      0      0      0      0      0      0      0      0      0      0      0      31     0      0      0      0      0      0      0      0      0      0      0      0      0      0      0      0      0      0      0      0      0      0     
0x7b200527ca70           FMUL R16, R3, R16                                           31     0      31     524288 16777216 16777216 32     32     0      -             -          -      0       0      0        0        0       0       0        0       -      0      0      0      0      0      0      0      0      1      0      0      0      0      0      0      0      0      0      0      30     0      0      0      0      0      0      0      0      0      0      0      0      0      0      0      0      0      0      0      0      0      0     
0x7b200527ca80           FMUL R17, R3, R17                                           26     0      26     524288 16777216 16777216 32     32     0      -             -          -      0       0      0        0        0       0       0        0       -      0      0      0      0      0      0      0      0      2      0      0      0      0      0      0      0      0      0      0      24     0      0      0      0      0      0      0      0      0      0      0      0      0      0      0      0      0      0      0      0      0      0     
0x7b200527ca90           FMUL R18, R4, R18                                           23     0      23     524288 16777216 16777216 32     32     0      -             -          -      0       0      0        0        0       0       0        0       -      0      0      0      0      0      0      0      0      0      0      0      0      0      0      0      0      0      0      0      23     0      0      0      0      0      0      0      0      0      0      0      0      0      0      0      0      0      0      0      0      0      0     
0x7b200527caa0           FMUL R19, R4, R19                                           22     0      22     524288 16777216 16777216 32     32     0      -             -          -      0       0      0        0        0       0       0        0       -      0      0      0      0      0      0      0      0      6      0      0      0      0      0      0      0      0      0      0      16     0      0      0      0      0      0      0      0      0      0      0      0      0      0      0      0      0      0      0      0      0      0     
0x7b200527cab0           PLOP3.LUT P2, PT, PT, PT, UP0, 0x40, 0x0                    102    20     102    524288 16777216 16777216 32     32     0      -             -          -      0       0      0        0        0       0       0        0       -      0      0      0      0      0      0      0      0      3      0      0      0      0      22     0      0      0      0      16     30     0      0      0      31     0      0      1      0      0      0      0      10     0      0      0      0      0      0      0      0      0      9     
0x7b200527cac0           FFMA R55, R4, R55, R5                                       24     0      24     524288 16777216 16777216 32     32     0      -             -          -      0       0      0        0        0       0       0        0       -      0      0      0      0      0      0      0      0      0      0      0      0      0      0      0      0      0      0      0      24     0      0      0      0      0      0      0      0      0      0      0      0      0      0      0      0      0      0      0      0      0      0     
0x7b200527cad0           PLOP3.LUT P0, PT, P0, PT, PT, 0x8, 0x0                      31     0      31     524288 16777216 16777216 32     32     0      -             -          -      0       0      0        0        0       0       0        0       -      0      0      0      0      0      0      0      0      0      0      0      0      0      0      0      0      0      0      0      31     0      0      0      0      0      0      0      0      0      0      0      0      0      0      0      0      0      0      0      0      0      0     
0x7b200527cae0           FFMA R56, R3, R56, R9                                       26     0      26     524288 16777216 16777216 32     32     0      -             -          -      0       0      0        0        0       0       0        0       -      0      0      0      0      0      0      0      0      0      0      0      0      0      0      0      0      0      0      0      26     0      0      0      0      0      0      0      0      0      0      0      0      0      0      0      0      0      0      0      0      0      0     
0x7b200527caf0           IMAD.MOV.U32 R51, RZ, RZ, R40                               30     0      30     524288 16777216 16777216 32     32     0      -             -          -      0       0      0        0        0       0       0        0       -      0      0      0      0      0      0      0      0      2      0      0      0      0      0      0      0      0      0      0      28     0      0      0      0      0      0      0      0      0      0      0      0      0      0      0      0      0      0      0      0      0      0     
0x7b200527cb00           IMAD.MOV.U32 R4, RZ, RZ, R8                                 107    16     107    524288 16777216 16777216 32     32     0      -             -          -      0       0      0        0        0       0       0        0       -      0      0      0      0      0      0      0      0      6      0      0      0      0      13     0      0      0      0      36     25     0      0      0      27     0      0      1      0      0      0      0      3      0      0      0      0      0      0      0      0      0      12    
0x7b200527cb10           LOP3.LUT R7, R7, 0xffff, RZ, 0xc0, !PT                      9943   6895   9943   524288 16777216 16777216 32     32     0      -             -          -      0       0      0        0        0       0       0        0       -      0      0      0      0      0      0      0      0      6      0      0      0      9786   45     0      0      0      0      77     29     0      0      0      0      0      0      1      0      0      0      6871   23     0      0      0      0      0      0      0      0      0      0     
0x7b200527cb20           LOP3.LUT R32, R32, 0xffff, RZ, 0xc0, !PT                    2113   1751   2113   524288 16777216 16777216 32     32     0      -             -          -      0       0      0        0        0       0       0        0       -      0      0      0      0      0      0      0      0      5      0      0      0      1991   17     0      0      0      0      46     30     0      0      0      24     0      0      3      0      0      0      1721   12     0      0      0      0      0      0      0      0      0      15    
0x7b200527cb30           LOP3.LUT R36, R36, 0xffff, RZ, 0xc0, !PT                    1467   1202   1467   524288 16777216 16777216 32     32     0      -             -          -      0       0      0        0        0       0       0        0       -      0      0      0      0      0      0      0      0      5      0      0      0      1355   26     0      0      0      0      31     34     0      0      0      16     0      0      4      0      0      0      1170   14     0      0      0      0      0      0      0      0      0      14    
0x7b200527cb40           LOP3.LUT R33, R33, 0xffff, RZ, 0xc0, !PT                    5111   4194   5111   524288 16777216 16777216 32     32     0      -             -          -      0       0      0        0        0       0       0        0       -      0      0      0      0      0      0      0      0      4      0      0      0      4949   42     0      0      0      0      64     29     0      0      0      23     0      0      2      0      0      0      4151   24     0      0      0      0      0      0      0      0      0      17    
0x7b200527cb50           LOP3.LUT R37, R37, 0xffff, RZ, 0xc0, !PT                    65     16     65     524288 16777216 16777216 32     32     0      -             -          -      0       0      0        0        0       0       0        0       -      0      0      0      0      0      0      0      0      2      0      0      0      0      1      0      0      0      0      6      30     0      0      0      26     0      0      1      0      0      0      0      0      0      0      0      0      0      0      0      0      0      15    
0x7b200527cb60           LOP3.LUT R39, R39, 0xffff, RZ, 0xc0, !PT                    65     27     65     524288 16777216 16777216 32     32     0      -             -          -      0       0      0        0        0       0       0        0       -      0      0      0      0      0      0      0      0      1      0      0      0      0      6      0      0      0      0      6      20     0      0      0      32     0      0      1      0      0      0      0      2      0      0      0      0      0      0      0      0      0      24    
0x7b200527cb70           PRMT R32, R32, 0x3340, R36                                  115    32     115    524288 16777216 16777216 32     32     0      -             -          -      0       0      0        0        0       0       0        0       -      0      0      0      0      0      0      0      0      2      0      0      0      0      27     0      0      0      0      29     32     0      0      0      25     0      0      2      0      0      0      0      13     0      0      0      0      0      0      0      0      0      17    
0x7b200527cb80           LOP3.LUT R38, R38, 0xffff, RZ, 0xc0, !PT                    62     27     62     524288 16777216 16777216 32     32     0      -             -          -      0       0      0        0        0       0       0        0       -      0      0      0      0      0      0      0      0      3      0      0      0      0      2      0      0      0      0      7      24     0      0      0      26     0      0      3      0      0      0      0      1      0      0      0      0      0      0      0      0      0      23    
0x7b200527cb90           LOP3.LUT R41, R41, 0xffff, RZ, 0xc0, !PT                    56     19     56     524288 16777216 16777216 32     32     0      -             -          -      0       0      0        0        0       0       0        0       -      0      0      0      0      0      0      0      0      0      0      0      0      0      2      0      0      0      0      4      27     0      0      0      23     0      0      0      0      0      0      0      1      0      0      0      0      0      0      0      0      0      18    
0x7b200527cba0           PRMT R7, R7, 0x3340, R33                                    61     25     61     524288 16777216 16777216 32     32     0      -             -          -      0       0      0        0        0       0       0        0       -      0      0      0      0      0      0      0      0      1      0      0      0      0      2      0      0      0      0      2      23     0      0      0      33     0      0      0      0      0      0      0      0      0      0      0      0      0      0      0      0      0      25    
0x7b200527cbb0           PRMT R36, R37, 0x3340, R39                                  58     16     58     524288 16777216 16777216 32     32     0      -             -          -      0       0      0        0        0       0       0        0       -      0      0      0      0      0      0      0      0      2      0      0      0      0      0      0      0      0      0      4      29     0      0      0      23     0      0      0      0      0      0      0      0      0      0      0      0      0      0      0      0      0      16    
0x7b200527cbc0           PRMT R41, R38, 0x3340, R41                                  62     16     62     524288 16777216 16777216 32     32     0      -             -          -      0       0      0        0        0       0       0        0       -      0      0      0      0      0      0      0      0      1      0      0      0      0      4      0      0      0      0      7      28     0      0      0      22     0      0      0      0      0      0      0      1      0      0      0      0      0      0      0      0      0      15    
0x7b200527cbd0           PRMT R37, R7, 0x5410, R36                                   128    35     128    524288 16777216 16777216 32     32     0      -             -          -      0       0      0        0        0       0       0        0       -      0      0      0      0      0      0      0      0      4      0      0      0      0      35     0      0      0      0      30     28     0      0      0      31     0      0      0      0      0      0      0      12     0      0      0      0      0      0      0      0      0      23    
0x7b200527cbe0           PRMT R36, R32, 0x5410, R41                                  70     22     70     524288 16777216 16777216 32     32     0      -             -          -      0       0      0        0        0       0       0        0       -      0      0      0      0      0      0      0      0      2      0      0      0      0      2      0      0      0      0      6      24     0      0      0      36     0      0      0      0      0      0      0      1      0      0      0      0      0      0      0      0      0      21    
0x7b200527cbf0           LOP3.LUT R39, R54, 0x40, RZ, 0x3c, !PT                      61     16     61     524288 16777216 16777216 32     32     0      -             -          -      0       0      0        0        0       0       0        0       -      0      0      0      0      0      0      0      0      2      0      0      0      0      2      0      0      0      0      3      33     0      0      0      21     0      0      1      0      0      0      0      0      0      0      0      0      0      0      0      0      0      15    
0x7b200527cc00           STS [R54+0x3000], R37                                       1655   1403   1655   524288 16777216 16777216 32     32     0      Shared        Store      32     0       1      0        524288   524288  0       0        0       -      0      0      0      0      0      0      774    0      4      0      0      0      0      0      0      830    0      0      21     26     0      0      0      0      631    0      2      0      0      0      0      0      0      770    0      0      0      0      0      0      0      0     
0x7b200527cc10           STS [R39+0x3200], R36                                       741    590    741    524288 16777216 16777216 32     32     0      Shared        Store      32     0       1      0        524288   524288  0       0        0       -      0      0      0      0      0      0      0      0      2      0      0      0      0      0      0      601    0      0      30     34     0      0      0      74     0      0      1      0      0      0      0      0      0      550    0      0      0      0      0      0      0      39    
0x7b200527cc20           BAR.SYNC.DEFER_BLOCKING 0x0                                 1010   835    1010   524288 16777216 16777216 32     32     0      -             -          -      0       0      0        0        0       0       0        0       -      0      0      0      0      0      0      0      0      1      0      0      152    0      0      0      707    0      0      35     27     0      0      0      88     0      0      1      0      0      146    0      0      0      638    0      0      0      0      0      0      0      50    
0x7b200527cc30           LOP3.LUT R7, R0, 0x30, RZ, 0x3c, !PT                        33     0      33     524288 16777216 16777216 32     32     0      -             -          -      0       0      0        0        0       0       0        0       -      0      0      0      0      0      0      0      0      0      0      0      0      0      0      0      0      0      0      0      33     0      0      0      0      0      0      0      0      0      0      0      0      0      0      0      0      0      0      0      0      0      0     
0x7b200527cc40           LOP3.LUT R32, R0, 0x20, RZ, 0x3c, !PT                       160    41     160    524288 16777216 16777216 32     32     0      -             -          -      0       0      0        0        0       0       0        0       -      0      0      0      0      0      0      0      0      4      0      0      0      0      42     0      0      0      0      59     27     0      0      0      28     0      0      2      0      0      0      0      19     0      0      0      0      0      0      0      0      0      20    
0x7b200527cc50           LOP3.LUT R41, R0, 0x70, RZ, 0x3c, !PT                       65     23     65     524288 16777216 16777216 32     32     0      -             -          -      0       0      0        0        0       0       0        0       -      0      0      0      0      0      0      0      0      1      0      0      0      0      3      0      0      0      0      4      25     0      0      0      32     0      0      1      0      0      0      0      0      0      0      0      0      0      0      0      0      0      22    
0x7b200527cc60           IMAD.MOV.U32 R36, RZ, RZ, R28                               1354   1131   1354   524288 16777216 16777216 32     32     0      -             -          -      0       0      0        0        0       0       0        0       -      0      0      0      0      0      0      0      0      4      0      0      0      0      13     0      0      0      0      27     15     1295   0      0      0      0      0      3      0      0      0      0      3      0      0      0      0      0      0      1125   0      0      0     
0x7b200527cc70           LOP3.LUT R33, R0, 0x50, RZ, 0x3c, !PT                       22     0      22     524288 16777216 16777216 32     32     0      -             -          -      0       0      0        0        0       0       0        0       -      0      0      0      0      0      0      0      0      1      0      0      0      0      0      0      0      0      0      0      21     0      0      0      0      0      0      0      0      0      0      0      0      0      0      0      0      0      0      0      0      0      0     
0x7b200527cc80           LDS.U8 R7, [R7+0x3000]                                      5756   4562   5756   524288 16777216 16777216 32     32     0      Shared        Load       8      0       1      0        524288   524288  0       0        0       -      0      0      0      0      0      0      5025   0      4      0      0      0      0      0      0      653    0      0      45     29     0      0      0      0      3944   0      3      0      0      0      0      0      0      615    0      0      0      0      0      0      0      0     
0x7b200527cc90           LDS.U8 R32, [R32+0x3000]                                    560    443    560    524288 16777216 16777216 32     32     0      Shared        Load       8      0       1      0        524288   524288  0       0        0       -      0      0      0      0      0      0      0      0      2      0      0      0      0      0      0      434    0      0      29     23     0      0      0      72     0      0      0      0      0      0      0      0      0      396    0      0      0      0      0      0      0      47    
0x7b200527cca0           LDS.U8 R41, [R41+0x3000]                                    709    549    709    524288 16777216 16777216 32     32     0      Shared        Load       8      0       1      0        524288   524288  0       0        0       -      0      0      0      0      0      0      0      0      3      0      0      0      0      0      0      555    0      0      35     31     0      0      0      85     0      0      1      0      0      0      0      0      0      506    0      0      0      0      0      0      0      42    
0x7b200527ccb0           LDS.U8 R42, [R42+0x3000]                                    717    561    717    524288 16777216 16777216 32     32     0      Shared        Load       8      0       1      0        524288   524288  0       0        0       -      0      0      0      0      0      0      0      0      2      0      0      0      0      0      0      569    0      0      36     29     0      0      0      81     0      0      0      0      0      0      0      0      0      512    0      0      0      0      0      0      0      49    
0x7b200527ccc0           LDS.U8 R43, [R43+0x3000]                                    728    571    728    524288 16777216 16777216 32     32     0      Shared        Load       8      0       1      0        524288   524288  0       0        0       -      0      0      0      0      0      0      0      0      3      0      0      0      0      0      0      575    0      0      30     28     0      0      0      92     0      0      1      0      0      0      0      0      0      513    0      0      0      0      0      0      0      57    
0x7b200527ccd0           LDS.U8 R28, [R0+0x3000]                                     675    529    675    524288 16777216 16777216 32     32     0      Shared        Load       8      0       1      0        524288   524288  0       0        0       -      0      0      0      0      0      0      0      0      3      0      0      0      0      0      0      530    0      0      41     21     0      0      0      80     0      0      1      0      0      0      0      0      0      478    0      0      0      0      0      0      0      50    
0x7b200527cce0           LDS.U8 R33, [R33+0x3000]                                    624    473    624    524288 16777216 16777216 32     32     0      Shared        Load       8      0       1      0        524288   524288  0       0        0       -      0      0      0      0      0      0      0      0      1      0      0      0      0      0      0      482    0      0      34     27     0      0      0      80     0      0      1      0      0      0      0      0      0      423    0      0      0      0      0      0      0      49    
0x7b200527ccf0           IMAD.MOV.U32 R39, RZ, RZ, R31                               27     0      27     524288 16777216 16777216 32     32     0      -             -          -      0       0      0        0        0       0       0        0       -      0      0      0      0      0      0      0      0      1      0      0      0      0      0      0      0      0      0      0      26     0      0      0      0      0      0      0      0      0      0      0      0      0      0      0      0      0      0      0      0      0      0     
0x7b200527cd00           LOP3.LUT R31, R0, 0x40, RZ, 0x3c, !PT                       30     0      30     524288 16777216 16777216 32     32     0      -             -          -      0       0      0        0        0       0       0        0       -      0      0      0      0      0      0      0      0      2      0      0      0      0      0      0      0      0      0      0      28     0      0      0      0      0      0      0      0      0      0      0      0      0      0      0      0      0      0      0      0      0      0     
0x7b200527cd10           IMAD.MOV.U32 R38, RZ, RZ, R29                               30     0      30     524288 16777216 16777216 32     32     0      -             -          -      0       0      0        0        0       0       0        0       -      0      0      0      0      0      0      0      0      2      0      0      0      0      0      0      0      0      0      0      28     0      0      0      0      0      0      0      0      0      0      0      0      0      0      0      0      0      0      0      0      0      0     
0x7b200527cd20           IADD3 R29, R45, UR7, RZ                                     22     0      22     524288 16777216 16777216 32     32     0      -             -          -      0       0      0        0        0       0       0        0       -      0      0      0      0      0      0      0      0      1      0      0      0      0      0      0      0      0      0      0      21     0      0      0      0      0      0      0      0      0      0      0      0      0      0      0      0      0      0      0      0      0      0     
0x7b200527cd30           LDS.U8 R31, [R31+0x3000]                                    586    438    586    524288 16777216 16777216 32     32     0      Shared        Load       8      0       1      0        524288   524288  0       0        0       -      0      0      0      0      0      0      0      0      6      0      0      0      0      0      0      424    0      0      39     31     0      0      0      86     0      0      3      0      0      0      0      0      0      379    0      0      0      0      0      0      0      56    
0x7b200527cd40           IMAD.MOV.U32 R37, RZ, RZ, R30                               24     0      24     524288 16777216 16777216 32     32     0      -             -          -      0       0      0        0        0       0       0        0       -      0      0      0      0      0      0      0      0      0      0      0      0      0      0      0      0      0      0      0      24     0      0      0      0      0      0      0      0      0      0      0      0      0      0      0      0      0      0      0      0      0      0     
0x7b200527cd50           ISETP.GE.AND P1, PT, R29, UR6, PT                           29     0      29     524288 16777216 16777216 32     32     0      -             -          -      0       0      0        0        0       0       0        0       -      0      0      0      0      0      0      0      0      0      0      0      0      0      0      0      0      0      0      0      29     0      0      0      0      0      0      0      0      0      0      0      0      0      0      0      0      0      0      0      0      0      0     
0x7b200527cd60           SEL R30, RZ, 0x8, P1                                        232    76     232    524288 16777216 16777216 32     32     0      -             -          -      0       0      0        0        0       0       0        0       -      0      0      0      0      0      0      0      0      5      0      0      0      0      60     0      0      0      0      63     34     0      0      0      70     0      0      0      0      0      0      0      27     0      0      0      0      0      0      0      0      0      49    
0x7b200527cd70           IMAD.SHL.U32 R29, R7, 0x10, RZ                              44     12     44     524288 16777216 16777216 32     32     0      -             -          -      0       0      0        0        0       0       0        0       -      0      0      0      0      0      0      0      0      1      0      0      0      0      0      0      0      0      0      0      31     12     0      0      0      0      0      0      0      0      0      0      0      0      0      0      0      0      0      12     0      0      0     
0x7b200527cd80           HMMA.16816.F32 R16, R36, R34, R16                           123    61     123    524288 16777216 16777216 32     32     0      -             -          -      0       0      0        0        0       0       0        0       -      0      0      0      0      0      0      0      0      0      0      0      0      0      95     0      0      0      0      4      24     0      0      0      0      0      0      0      0      0      0      0      61     0      0      0      0      0      0      0      0      0      0     
0x7b200527cd90           SEL R34, R30, RZ, P2                                        238    103    238    524288 16777216 16777216 32     32     0      -             -          -      0       0      0        0        0       0       0        0       -      0      0      0      0      0      0      0      0      5      0      0      0      0      16     0      0      0      0      26     35     0      0      0      156    0      0      2      0      0      0      0      7      0      0      0      0      0      0      0      0      0      94    
0x7b200527cda0           IMAD.SHL.U32 R35, R32, 0x10, RZ                             63     31     63     524288 16777216 16777216 32     32     0      -             -          -      0       0      0        0        0       0       0        0       -      0      0      0      0      0      0      0      0      4      0      0      0      0      0      0      0      0      0      0      27     32     0      0      0      0      0      0      0      0      0      0      0      0      0      0      0      0      0      31     0      0      0     
0x7b200527cdb0           LOP3.LUT R30, R29, 0xf0, RZ, 0xc0, !PT                      22     0      22     524288 16777216 16777216 32     32     0      -             -          -      0       0      0        0        0       0       0        0       -      0      0      0      0      0      0      0      0      3      0      0      0      0      0      0      0      0      0      0      19     0      0      0      0      0      0      0      0      0      0      0      0      0      0      0      0      0      0      0      0      0      0     
0x7b200527cdc0           ISETP.NE.U32.AND P1, PT, R34, RZ, PT                        140    40     140    524288 16777216 16777216 32     32     0      -             -          -      0       0      0        0        0       0       0        0       -      0      0      0      0      0      0      0      0      7      0      0      0      0      36     0      0      0      0      47     21     0      0      0      29     0      0      1      0      0      0      0      21     0      0      0      0      0      0      0      0      0      18    
0x7b200527cdd0           IMAD.SHL.U32 R29, R42, 0x10, RZ                             208    143    208    524288 16777216 16777216 32     32     0      -             -          -      0       0      0        0        0       0       0        0       -      0      0      0      0      0      0      0      0      2      0      0      0      0      1      0      0      0      0      4      38     163    0      0      0      0      0      1      0      0      0      0      0      0      0      0      0      0      0      142    0      0      0     
0x7b200527cde0           LEA.HI R7, R7, R30, RZ, 0x1c                                25     0      25     524288 16777216 16777216 32     32     0      -             -          -      0       0      0        0        0       0       0        0       -      0      0      0      0      0      0      0      0      3      0      0      0      0      0      0      0      0      0      0      22     0      0      0      0      0      0      0      0      0      0      0      0      0      0      0      0      0      0      0      0      0      0     
0x7b200527cdf0           IMAD.SHL.U32 R30, R41, 0x10, RZ                             27     0      27     524288 16777216 16777216 32     32     0      -             -          -      0       0      0        0        0       0       0        0       -      0      0      0      0      0      0      0      0      0      0      0      0      0      0      0      0      0      0      0      27     0      0      0      0      0      0      0      0      0      0      0      0      0      0      0      0      0      0      0      0      0      0     
0x7b200527ce00           LOP3.LUT R35, R35, 0xf0, RZ, 0xc0, !PT                      29     0      29     524288 16777216 16777216 32     32     0      -             -          -      0       0      0        0        0       0       0        0       -      0      0      0      0      0      0      0      0      2      0      0      0      0      0      0      0      0      0      0      27     0      0      0      0      0      0      0      0      0      0      0      0      0      0      0      0      0      0      0      0      0      0     
0x7b200527ce10           IMAD.SHL.U32 R34, R43, 0x10, RZ                             208    158    208    524288 16777216 16777216 32     32     0      -             -          -      0       0      0        0        0       0       0        0       -      0      0      0      0      0      0      0      0      0      0      0      0      0      4      0      0      0      0      2      21     181    0      0      0      0      0      0      0      0      0      0      1      0      0      0      0      0      0      157    0      0      0     
0x7b200527ce20           LOP3.LUT R29, R29, 0xf0, RZ, 0xc0, !PT                      22     0      22     524288 16777216 16777216 32     32     0      -             -          -      0       0      0        0        0       0       0        0       -      0      0      0      0      0      0      0      0      4      0      0      0      0      0      0      0      0      0      0      18     0      0      0      0      0      0      0      0      0      0      0      0      0      0      0      0      0      0      0      0      0      0     
0x7b200527ce30           LOP3.LUT R30, R30, 0xf0, RZ, 0xc0, !PT                      77     19     77     524288 16777216 16777216 32     32     0      -             -          -      0       0      0        0        0       0       0        0       -      0      0      0      0      0      0      0      0      9      0      0      0      0      5      0      0      0      0      13     24     0      0      0      26     0      0      6      0      0      0      0      3      0      0      0      0      0      0      0      0      0      10    
0x7b200527ce40           LEA.HI R32, R32, R35, RZ, 0x1c                              68     25     68     524288 16777216 16777216 32     32     0      -             -          -      0       0      0        0        0       0       0        0       -      0      0      0      0      0      0      0      0      3      0      0      0      0      6      0      0      0      0      6      24     0      0      0      29     0      0      0      0      0      0      0      3      0      0      0      0      0      0      0      0      0      22    
0x7b200527ce50           IMAD.SHL.U32 R35, R28, 0x10, RZ                             1098   845    1098   524288 16777216 16777216 32     32     0      -             -          -      0       0      0        0        0       0       0        0       -      0      0      0      0      0      0      0      0      5      0      0      0      0      14     0      0      0      0      15     29     1035   0      0      0      0      0      3      0      0      0      0      5      0      0      0      0      0      0      837    0      0      0     
0x7b200527ce60           LOP3.LUT R34, R34, 0xf0, RZ, 0xc0, !PT                      27     0      27     524288 16777216 16777216 32     32     0      -             -          -      0       0      0        0        0       0       0        0       -      0      0      0      0      0      0      0      0      1      0      0      0      0      0      0      0      0      0      0      26     0      0      0      0      0      0      0      0      0      0      0      0      0      0      0      0      0      0      0      0      0      0     
0x7b200527ce70           LEA.HI R30, R41, R30, RZ, 0x1c                              176    51     176    524288 16777216 16777216 32     32     0      -             -          -      0       0      0        0        0       0       0        0       -      0      0      0      0      0      0      0      0      4      0      0      0      0      44     0      0      0      0      64     26     0      0      0      38     0      0      2      0      0      0      0      25     0      0      0      0      0      0      0      0      0      24    
0x7b200527ce80           LEA.HI R29, R42, R29, RZ, 0x1c                              59     21     59     524288 16777216 16777216 32     32     0      -             -          -      0       0      0        0        0       0       0        0       -      0      0      0      0      0      0      0      0      0      0      0      0      0      5      0      0      0      0      6      24     0      0      0      24     0      0      0      0      0      0      0      2      0      0      0      0      0      0      0      0      0      19    
0x7b200527ce90           LEA.HI R43, R43, R34, RZ, 0x1c                              68     20     68     524288 16777216 16777216 32     32     0      -             -          -      0       0      0        0        0       0       0        0       -      0      0      0      0      0      0      0      0      2      0      0      0      0      4      0      0      0      0      5      27     0      0      0      30     0      0      1      0      0      0      0      3      0      0      0      0      0      0      0      0      0      16    
0x7b200527cea0           IMAD.SHL.U32 R34, R33, 0x10, RZ                             28     0      28     524288 16777216 16777216 32     32     0      -             -          -      0       0      0        0        0       0       0        0       -      0      0      0      0      0      0      0      0      0      0      0      0      0      0      0      0      0      0      0      28     0      0      0      0      0      0      0      0      0      0      0      0      0      0      0      0      0      0      0      0      0      0     
0x7b200527ceb0           LOP3.LUT R35, R35, 0xf0, RZ, 0xc0, !PT                      28     0      28     524288 16777216 16777216 32     32     0      -             -          -      0       0      0        0        0       0       0        0       -      0      0      0      0      0      0      0      0      1      0      0      0      0      0      0      0      0      0      0      27     0      0      0      0      0      0      0      0      0      0      0      0      0      0      0      0      0      0      0      0      0      0     
0x7b200527cec0           IMAD.SHL.U32 R7, R7, 0x2, RZ                                42     0      42     524288 16777216 16777216 32     32     0      -             -          -      0       0      0        0        0       0       0        0       -      0      0      0      0      0      0      0      0      2      0      0      0      0      0      0      0      0      0      0      40     0      0      0      0      0      0      0      0      0      0      0      0      0      0      0      0      0      0      0      0      0      0     
0x7b200527ced0           IMAD.SHL.U32 R32, R32, 0x2, RZ                              74     16     74     524288 16777216 16777216 32     32     0      -             -          -      0       0      0        0        0       0       0        0       -      0      0      0      0      0      0      0      0      1      0      0      0      0      3      0      0      0      0      13     24     0      0      0      33     0      0      0      0      0      0      0      3      0      0      0      0      0      0      0      0      0      13    
0x7b200527cee0           LEA.HI R28, R28, R35, RZ, 0x1c                              34     0      34     524288 16777216 16777216 32     32     0      -             -          -      0       0      0        0        0       0       0        0       -      0      0      0      0      0      0      0      0      1      0      0      0      0      0      0      0      0      0      0      33     0      0      0      0      0      0      0      0      0      0      0      0      0      0      0      0      0      0      0      0      0      0     
0x7b200527cef0           IMAD.SHL.U32 R30, R30, 0x2, RZ                              32     0      32     524288 16777216 16777216 32     32     0      -             -          -      0       0      0        0        0       0       0        0       -      0      0      0      0      0      0      0      0      3      0      0      0      0      0      0      0      0      0      0      29     0      0      0      0      0      0      0      0      0      0      0      0      0      0      0      0      0      0      0      0      0      0     
0x7b200527cf00           LOP3.LUT R34, R34, 0xf0, RZ, 0xc0, !PT                      24     0      24     524288 16777216 16777216 32     32     0      -             -          -      0       0      0        0        0       0       0        0       -      0      0      0      0      0      0      0      0      1      0      0      0      0      0      0      0      0      0      0      23     0      0      0      0      0      0      0      0      0      0      0      0      0      0      0      0      0      0      0      0      0      0     
0x7b200527cf10           IMAD.SHL.U32 R29, R29, 0x2, RZ                              37     0      37     524288 16777216 16777216 32     32     0      -             -          -      0       0      0        0        0       0       0        0       -      0      0      0      0      0      0      0      0      1      0      0      0      0      0      0      0      0      0      0      36     0      0      0      0      0      0      0      0      0      0      0      0      0      0      0      0      0      0      0      0      0      0     
0x7b200527cf20           PRMT R35, R32, 0x5410, R7                                   31     0      31     524288 16777216 16777216 32     32     0      -             -          -      0       0      0        0        0       0       0        0       -      0      0      0      0      0      0      0      0      2      0      0      0      0      0      0      0      0      0      0      29     0      0      0      0      0      0      0      0      0      0      0      0      0      0      0      0      0      0      0      0      0      0     
0x7b200527cf30           IMAD.SHL.U32 R43, R43, 0x2, RZ                              25     0      25     524288 16777216 16777216 32     32     0      -             -          -      0       0      0        0        0       0       0        0       -      0      0      0      0      0      0      0      0      1      0      0      0      0      0      0      0      0      0      0      24     0      0      0      0      0      0      0      0      0      0      0      0      0      0      0      0      0      0      0      0      0      0     
0x7b200527cf40           LEA.HI R34, R33, R34, RZ, 0x1c                              33     0      33     524288 16777216 16777216 32     32     0      -             -          -      0       0      0        0        0       0       0        0       -      0      0      0      0      0      0      0      0      5      0      0      0      0      0      0      0      0      0      0      28     0      0      0      0      0      0      0      0      0      0      0      0      0      0      0      0      0      0      0      0      0      0     
0x7b200527cf50           PRMT R7, R29, 0x5410, R30                                   161    29     161    524288 16777216 16777216 32     32     0      -             -          -      0       0      0        0        0       0       0        0       -      0      0      0      0      0      0      0      0      7      0      0      0      0      32     0      0      0      0      70     26     0      0      0      26     0      0      1      0      0      0      0      11     0      0      0      0      0      0      0      0      0      17    
0x7b200527cf60           IMAD.SHL.U32 R29, R28, 0x2, RZ                              24     0      24     524288 16777216 16777216 32     32     0      -             -          -      0       0      0        0        0       0       0        0       -      0      0      0      0      0      0      0      0      1      0      0      0      0      0      0      0      0      0      0      23     0      0      0      0      0      0      0      0      0      0      0      0      0      0      0      0      0      0      0      0      0      0     
0x7b200527cf70           PRMT R33, R0, 0x5410, R43                                   29     0      29     524288 16777216 16777216 32     32     0      -             -          -      0       0      0        0        0       0       0        0       -      0      0      0      0      0      0      0      0      1      0      0      0      0      0      0      0      0      0      0      28     0      0      0      0      0      0      0      0      0      0      0      0      0      0      0      0      0      0      0      0      0      0     
0x7b200527cf80           IMAD.SHL.U32 R30, R31, 0x10, RZ                             25     2      25     524288 16777216 16777216 32     32     0      -             -          -      0       0      0        0        0       0       0        0       -      0      0      0      0      0      0      0      0      2      0      0      0      0      0      0      0      0      2      0      21     0      0      0      0      0      0      0      0      0      0      0      0      0      0      0      2      0      0      0      0      0      0     
0x7b200527cf90           IMAD.SHL.U32 R37, R34, 0x2, RZ                              69     10     69     524288 16777216 16777216 32     32     0      -             -          -      0       0      0        0        0       0       0        0       -      0      0      0      0      0      0      0      0      1      0      0      0      0      3      0      0      0      0      12     29     0      0      0      24     0      0      0      0      0      0      0      0      0      0      0      0      0      0      0      0      0      10    
0x7b200527cfa0           LEA R28, P2, R29, c[0x0][0x190], 0x2                        22     0      22     524288 16777216 16777216 32     32     0      -             -          -      0       0      0        0        0       0       0        0       -      0      0      0      0      0      0      0      0      1      0      0      0      0      0      0      0      0      0      0      21     0      0      0      0      0      0      0      0      0      0      0      0      0      0      0      0      0      0      0      0      0      0     
0x7b200527cfb0           SHF.R.U32.HI R33, RZ, 0x10, R33                             68     13     68     524288 16777216 16777216 32     32     0      -             -          -      0       0      0        0        0       0       0        0       -      0      0      0      0      0      0      0      0      1      0      0      0      0      5      0      0      0      0      11     28     0      0      0      23     0      0      0      0      0      0      0      2      0      0      0      0      0      0      0      0      0      11    
0x7b200527cfc0           LOP3.LUT R32, R30, 0xf0, RZ, 0xc0, !PT                      53     19     53     524288 16777216 16777216 32     32     0      -             -          -      0       0      0        0        0       0       0        0       -      0      0      0      0      0      0      0      0      3      0      0      0      0      2      0      0      0      0      4      18     0      0      0      26     0      0      1      0      0      0      0      1      0      0      0      0      0      0      0      0      0      17    
0x7b200527cfd0           LOP3.LUT R36, R35, 0x7ffe, RZ, 0xc0, !PT                    138    45     138    524288 16777216 16777216 32     32     0      -             -          -      0       0      0        0        0       0       0        0       -      0      0      0      0      0      0      0      0      10     0      0      0      0      45     0      0      0      0      41     21     0      0      0      21     0      0      6      0      0      0      0      24     0      0      0      0      0      0      0      0      0      15    
0x7b200527cfe0           LEA.HI.X R29, R29, c[0x0][0x194], RZ, 0x2, P2               71     26     71     524288 16777216 16777216 32     32     0      -             -          -      0       0      0        0        0       0       0        0       -      0      0      0      0      0      0      0      0      2      0      0      0      0      3      0      0      0      0      3      34     0      0      0      29     0      0      1      0      0      0      0      2      0      0      0      0      0      0      0      0      0      23    
0x7b200527cff0           PRMT R34, R0, 0x5410, R37                                   71     27     71     524288 16777216 16777216 32     32     0      -             -          -      0       0      0        0        0       0       0        0       -      0      0      0      0      0      0      0      0      4      0      0      0      0      3      0      0      0      0      6      22     0      0      0      36     0      0      1      0      0      0      0      2      0      0      0      0      0      0      0      0      0      24    
0x7b200527d000           LEA R30, P2, R33, c[0x0][0x190], 0x2                        77     31     77     524288 16777216 16777216 32     32     0      -             -          -      0       0      0        0        0       0       0        0       -      0      0      0      0      0      0      0      0      4      0      0      0      0      2      0      0      0      0      2      31     0      0      0      38     0      0      3      0      0      0      0      1      0      0      0      0      0      0      0      0      0      27    
0x7b200527d010     @!PT  LDS RZ, [RZ]                                                502    421    502    524288 16777216 0        32     0      0                    Load       32     0       0      0        0        0       0       0        0       -      0      0      0      0      0      0      0      0      2      0      0      0      0      0      0      454    0      0      16     30     0      0      0      0      0      0      0      0      0      0      0      0      0      421    0      0      0      0      0      0      0      0     
0x7b200527d020     @!PT  LDS RZ, [RZ]                                                427    351    427    524288 16777216 0        32     0      0                    Load       32     0       0      0        0        0       0       0        0       -      0      0      0      0      0      0      0      0      0      0      0      0      0      0      0      381    0      0      14     32     0      0      0      0      0      0      0      0      0      0      0      0      0      351    0      0      0      0      0      0      0      0     
0x7b200527d030     @!PT  LDS RZ, [RZ]                                                592    493    592    524288 16777216 0        32     0      0                    Load       32     0       0      0        0        0       0       0        0       -      0      0      0      0      0      0      0      0      1      0      0      0      0      0      0      539    0      0      15     37     0      0      0      0      0      0      0      0      0      0      0      0      0      493    0      0      0      0      0      0      0      0     
0x7b200527d040           LDGSTS.E.64 [R2], [R28.64], P1                              846    730    846    524288 16777216 16777216 32     32     0      Global,Shared Load,Store 64     6411412 32     15728640 16777216 1048576 7950694 11620710 3670016        0      0      0      0      0      0      0      0      2      0      0      93     0      0      0      705    0      0      14     32     0      0      0      0      0      0      0      0      0      85     0      0      0      645    0      0      0      0      0      0      0      0     
0x7b200527d050           LEA.HI R37, R31, R32, RZ, 0x1c                              22     0      22     524288 16777216 16777216 32     32     0      -             -          -      0       0      0        0        0       0       0        0       -      0      0      0      0      0      0      0      0      0      0      0      0      0      0      0      0      0      0      0      22     0      0      0      0      0      0      0      0      0      0      0      0      0      0      0      0      0      0      0      0      0      0     
0x7b200527d060           LEA R32, P3, R36, c[0x0][0x190], 0x2                        62     19     62     524288 16777216 16777216 32     32     0      -             -          -      0       0      0        0        0       0       0        0       -      0      0      0      0      0      0      0      0      2      0      0      0      0      5      0      0      0      0      5      28     0      0      0      22     0      0      1      0      0      0      0      3      0      0      0      0      0      0      0      0      0      15    
0x7b200527d070           SHF.R.U32.HI R35, RZ, 0x10, R35                             127    40     127    524288 16777216 16777216 32     32     0      -             -          -      0       0      0        0        0       0       0        0       -      0      0      0      0      0      0      0      0      1      0      0      0      0      26     0      0      0      0      46     27     0      0      0      27     0      0      0      0      0      0      0      16     0      0      0      0      0      0      0      0      0      24    
0x7b200527d080           LEA.HI.X R31, R33, c[0x0][0x194], RZ, 0x2, P2               61     24     61     524288 16777216 16777216 32     32     0      -             -          -      0       0      0        0        0       0       0        0       -      0      0      0      0      0      0      0      0      1      0      0      0      0      3      0      0      0      0      5      24     0      0      0      28     0      0      0      0      0      0      0      1      0      0      0      0      0      0      0      0      0      23    
0x7b200527d090           IMAD.SHL.U32 R37, R37, 0x2, RZ                              33     0      33     524288 16777216 16777216 32     32     0      -             -          -      0       0      0        0        0       0       0        0       -      0      0      0      0      0      0      0      0      2      0      0      0      0      0      0      0      0      0      0      31     0      0      0      0      0      0      0      0      0      0      0      0      0      0      0      0      0      0      0      0      0      0     
0x7b200527d0a0           LEA.HI.X R33, R36, c[0x0][0x194], RZ, 0x2, P3               24     0      24     524288 16777216 16777216 32     32     0      -             -          -      0       0      0        0        0       0       0        0       -      0      0      0      0      0      0      0      0      0      0      0      0      0      0      0      0      0      0      0      24     0      0      0      0      0      0      0      0      0      0      0      0      0      0      0      0      0      0      0      0      0      0     
0x7b200527d0b0           LEA R28, P2, R35, c[0x0][0x190], 0x2                        3485   2898   3485   524288 16777216 16777216 32     32     0      -             -          -      0       0      0        0        0       0       0        0       -      0      0      0      0      0      0      0      0      6      0      0      0      3329   35     0      0      0      0      61     29     0      0      0      25     0      0      2      0      0      0      2859   20     0      0      0      0      0      0      0      0      0      17    
0x7b200527d0c0           LDGSTS.E.64 [R2+0x40], [R30.64], P1                         1017   907    1017   524288 16777216 16777216 32     32     0      Global,Shared Load,Store 64     6409790 32     15728640 16777216 1048576 7952885 11622901 3670016        0      0      0      0      0      0      0      0      1      0      0      193    0      0      0      765    0      0      35     23     0      0      0      0      0      0      0      0      0      183    0      0      0      724    0      0      0      0      0      0      0      0     
0x7b200527d0d0           SHF.R.U32.HI R36, RZ, 0x10, R34                             35     0      35     524288 16777216 16777216 32     32     0      -             -          -      0       0      0        0        0       0       0        0       -      0      0      0      0      0      0      0      0      0      0      0      0      0      0      0      0      0      0      0      35     0      0      0      0      0      0      0      0      0      0      0      0      0      0      0      0      0      0      0      0      0      0     
0x7b200527d0e0           LEA.HI.X R29, R35, c[0x0][0x194], RZ, 0x2, P2               58     17     58     524288 16777216 16777216 32     32     0      -             -          -      0       0      0        0        0       0       0        0       -      0      0      0      0      0      0      0      0      0      0      0      0      0      9      0      0      0      0      7      23     0      0      0      19     0      0      0      0      0      0      0      5      0      0      0      0      0      0      0      0      0      12    
0x7b200527d0f0           LDGSTS.E.64 [R2+0x80], [R32.64], P1                         890    808    890    524288 16777216 16777216 32     32     0      Global,Shared Load,Store 64     6409194 32     15728640 16777216 1048576 7952540 11622556 3670016        0      0      0      0      0      0      0      0      0      0      0      152    0      0      0      700    0      0      16     22     0      0      0      0      0      0      0      0      0      141    0      0      0      667    0      0      0      0      0      0      0      0     
0x7b200527d100           SHF.R.U32.HI R35, RZ, 0x10, R7                              28     0      28     524288 16777216 16777216 32     32     0      -             -          -      0       0      0        0        0       0       0        0       -      0      0      0      0      0      0      0      0      1      0      0      0      0      0      0      0      0      0      0      27     0      0      0      0      0      0      0      0      0      0      0      0      0      0      0      0      0      0      0      0      0      0     
0x7b200527d110           LOP3.LUT R7, R7, 0x7ffe, RZ, 0xc0, !PT                      89     27     89     524288 16777216 16777216 32     32     0      -             -          -      0       0      0        0        0       0       0        0       -      0      0      0      0      0      0      0      0      1      0      0      0      0      17     0      0      0      0      24     25     0      0      0      22     0      0      1      0      0      0      0      10     0      0      0      0      0      0      0      0      0      16    
0x7b200527d120           LDGSTS.E.64 [R2+0xc0], [R28.64], P1                         1229   1088   1229   524288 16777216 16777216 32     32     0      Global,Shared Load,Store 64     6409303 32     15728640 16777216 1048576 7952905 11622921 3670016        0      0      0      0      0      0      0      0      1      0      0      212    0      0      0      963    0      0      25     28     0      0      0      0      0      0      0      0      0      192    0      0      0      896    0      0      0      0      0      0      0      0     
0x7b200527d130           LEA R34, P4, R35, c[0x0][0x190], 0x2                        36     0      36     524288 16777216 16777216 32     32     0      -             -          -      0       0      0        0        0       0       0        0       -      0      0      0      0      0      0      0      0      1      0      0      0      0      0      0      0      0      0      0      35     0      0      0      0      0      0      0      0      0      0      0      0      0      0      0      0      0      0      0      0      0      0     
0x7b200527d140           UIADD3 UR7, UR7, 0x10, URZ                                  31     0      31     524288 16777216 16777216 32     32     0      -             -          -      0       0      0        0        0       0       0        0       -      0      0      0      0      0      0      0      0      1      0      0      0      0      0      0      0      0      0      0      30     0      0      0      0      0      0      0      0      0      0      0      0      0      0      0      0      0      0      0      0      0      0     
0x7b200527d150           LEA R30, P2, R36, c[0x0][0x190], 0x2                        1869   1573   1869   524288 16777216 16777216 32     32     0      -             -          -      0       0      0        0        0       0       0        0       -      0      0      0      0      0      0      0      0      7      0      0      0      1777   22     0      0      0      0      35     28     0      0      0      0      0      0      4      0      0      0      1557   12     0      0      0      0      0      0      0      0      0      0     
0x7b200527d160           LEA R32, P3, R37, c[0x0][0x190], 0x2                        1496   1282   1496   524288 16777216 16777216 32     32     0      -             -          -      0       0      0        0        0       0       0        0       -      0      0      0      0      0      0      0      0      0      0      0      0      1391   19     0      0      0      0      31     24     0      0      0      31     0      0      0      0      0      0      1256   7      0      0      0      0      0      0      0      0      0      19    
0x7b200527d170           LEA.HI.X R33, R37, c[0x0][0x194], RZ, 0x2, P3               142    56     142    524288 16777216 16777216 32     32     0      -             -          -      0       0      0        0        0       0       0        0       -      0      0      0      0      0      0      0      0      3      0      0      0      0      16     0      0      0      0      29     27     0      0      0      67     0      0      0      0      0      0      0      9      0      0      0      0      0      0      0      0      0      47    
0x7b200527d180           LEA R28, P3, R7, c[0x0][0x190], 0x2                         1893   1704   1893   524288 16777216 16777216 32     32     0      -             -          -      0       0      0        0        0       0       0        0       -      0      0      0      0      0      0      0      0      5      0      0      0      1796   15     0      0      0      0      26     24     0      0      0      27     0      0      1      0      0      0      1671   9      0      0      0      0      0      0      0      0      0      23    
0x7b200527d190           LEA.HI.X R31, R36, c[0x0][0x194], RZ, 0x2, P2               75     21     75     524288 16777216 16777216 32     32     0      -             -          -      0       0      0        0        0       0       0        0       -      0      0      0      0      0      0      0      0      2      0      0      0      0      7      0      0      0      0      8      36     0      0      0      22     0      0      2      0      0      0      0      4      0      0      0      0      0      0      0      0      0      15    
0x7b200527d1a0           UISETP.GE.AND UP0, UPT, UR7, UR6, UPT                       34     0      34     524288 16777216 16777216 32     32     0      -             -          -      0       0      0        0        0       0       0        0       -      0      0      0      0      0      0      0      0      0      0      0      0      0      0      0      0      0      0      0      34     0      0      0      0      0      0      0      0      0      0      0      0      0      0      0      0      0      0      0      0      0      0     
0x7b200527d1b0           LEA.HI.X R29, R7, c[0x0][0x194], RZ, 0x2, P3                29     0      29     524288 16777216 16777216 32     32     0      -             -          -      0       0      0        0        0       0       0        0       -      0      0      0      0      0      0      0      0      1      0      0      0      0      0      0      0      0      0      0      28     0      0      0      0      0      0      0      0      0      0      0      0      0      0      0      0      0      0      0      0      0      0     
0x7b200527d1c0           LDGSTS.E.64 [R2+0x100], [R32.64], P1                        1784   1624   1784   524288 16777216 16777216 32     32     0      Global,Shared Load,Store 64     6408672 32     15728640 16777216 1048576 7953256 11623272 3670016        0      0      0      0      0      0      0      0      3      0      0      310    0      0      0      1414   0      0      29     28     0      0      0      0      0      0      0      0      0      277    0      0      0      1347   0      0      0      0      0      0      0      0     
0x7b200527d1d0           LEA.HI.X R35, R35, c[0x0][0x194], RZ, 0x2, P4               24     0      24     524288 16777216 16777216 32     32     0      -             -          -      0       0      0        0        0       0       0        0       -      0      0      0      0      0      0      0      0      0      0      0      0      0      0      0      0      0      0      0      24     0      0      0      0      0      0      0      0      0      0      0      0      0      0      0      0      0      0      0      0      0      0     
0x7b200527d1e0           LDGSTS.E.64 [R2+0x140], [R30.64], P1                        1503   1371   1503   524288 16777216 16777216 32     32     0      Global,Shared Load,Store 64     6409774 32     15728640 16777216 1048576 7951518 11621534 3670016        0      0      0      0      0      0      0      0      2      0      0      232    0      0      0      1183   0      0      19     18     0      0      0      49     0      0      1      0      0      205    0      0      0      1128   0      0      0      0      0      0      0      37    
0x7b200527d1f0           LDGSTS.E.64 [R2+0x180], [R28.64], P1                        1533   1393   1533   524288 16777216 16777216 32     32     0      Global,Shared Load,Store 64     6409770 32     15728640 16777216 1048576 7953696 11623712 3670016        0      0      0      0      0      0      0      0      2      0      0      290    0      0      0      1104   0      0      18     34     0      0      0      85     0      0      0      0      0      272    0      0      0      1062   0      0      0      0      0      0      0      59    
0x7b200527d200           LDGSTS.E.64 [R2+0x1c0], [R34.64], P1                        1917   1772   1917   524288 16777216 16777216 32     32     0      Global,Shared Load,Store 64     6410522 32     15728640 16777216 1048576 7954415 11624431 3670016        0      0      0      0      0      0      0      0      1      0      0      389    0      0      0      1406   0      0      17     24     0      0      0      80     0      0      0      0      0      365    0      0      0      1340   0      0      0      0      0      0      0      67    
0x7b200527d210           PLOP3.LUT P1, PT, PT, PT, UP0, 0x80, 0x0                    18     0      18     524288 16777216 16777216 32     32     0      -             -          -      0       0      0        0        0       0       0        0       -      0      0      0      0      0      0      0      0      1      0      0      0      0      0      0      0      0      0      0      17     0      0      0      0      0      0      0      0      0      0      0      0      0      0      0      0      0      0      0      0      0      0     
0x7b200527d220           LDGDEPBAR                                                   2324   2133   2324   524288 16777216 16777216 32     32     0      -             -          -      0       0      0        0        0       0       0        0       -      0      0      0      0      0      0      0      0      4      0      0      708    0      0      0      1518   0      0      28     22     0      0      0      44     0      0      3      0      0      650    0      0      0      1441   0      0      0      0      0      0      0      39    
0x7b200527d230           IMAD.MOV.U32 R7, RZ, RZ, R10                                21     0      21     524288 16777216 16777216 32     32     0      -             -          -      0       0      0        0        0       0       0        0       -      0      0      0      0      0      0      0      0      0      0      0      0      0      0      0      0      0      0      0      21     0      0      0      0      0      0      0      0      0      0      0      0      0      0      0      0      0      0      0      0      0      0     
0x7b200527d240     @P1   CALL.REL.NOINC 0x7b200527d260                               4774   4403   4774   524288 16777216 2097152  32     4      0      -             -          -      0       0      0        0        0       0       0        0       -      0      0      0      0      0      0      0      0      2      0      0      0      4542   0      0      0      0      0      15     20     0      0      0      195    0      0      2      0      0      0      4241   0      0      0      0      0      0      0      0      0      0      160   
0x7b200527d250           BRA 0x7b200527afc0                                          21     0      21     458752 14680064 14680064 32     32     0      -             -          -      0       0      0        0        0       0       0        0       -      0      0      0      0      0      0      0      0      0      0      0      0      0      0      0      0      0      0      0      21     0      0      0      0      0      0      0      0      0      0      0      0      0      0      0      0      0      0      0      0      0      0     
0x7b200527d260           FSETP.GT.AND P0, PT, R56, RZ, PT                            153    90     153    65536  2097152  2097152  32     32     0      -             -          -      0       0      0        0        0       0       0        0       -      0      0      0      0      0      0      0      12     0      0      0      0      0      0      0      0      0      11     0      26     0      0      0      104    0      11     0      0      0      0      0      0      0      0      0      11     0      0      0      0      0      68    
0x7b200527d270           IMAD.SHL.U32 R0, R67, 0x8, RZ                               8      0      8      65536  2097152  2097152  32     32     0      -             -          -      0       0      0        0        0       0       0        0       -      0      0      0      0      0      0      0      0      0      0      0      0      0      0      0      0      0      0      0      8      0      0      0      0      0      0      0      0      0      0      0      0      0      0      0      0      0      0      0      0      0      0     
0x7b200527d280           LOP3.LUT R38, R67, 0x1, RZ, 0xc0, !PT                       22     19     22     65536  2097152  2097152  32     32     0      -             -          -      0       0      0        0        0       0       0        0       -      0      0      0      0      0      0      0      0      0      0      0      0      0      0      0      0      0      21     0      1      0      0      0      0      0      0      0      0      0      0      0      0      0      0      0      19     0      0      0      0      0      0     
0x7b200527d290           FMUL R3, R20, 0.25                                          6      0      6      65536  2097152  2097152  32     32     0      -             -          -      0       0      0        0        0       0       0        0       -      0      0      0      0      0      0      0      0      0      0      0      0      0      0      0      0      0      0      0      6      0      0      0      0      0      0      0      0      0      0      0      0      0      0      0      0      0      0      0      0      0      0     
0x7b200527d2a0           FSEL R7, R56, 1, P0                                         5      0      5      65536  2097152  2097152  32     32     0      -             -          -      0       0      0        0        0       0       0        0       -      0      0      0      0      0      0      0      0      0      0      0      0      0      0      0      0      0      0      0      5      0      0      0      0      0      0      0      0      0      0      0      0      0      0      0      0      0      0      0      0      0      0     
0x7b200527d2b0           FMUL R5, R12, 0.25                                          2      0      2      65536  2097152  2097152  32     32     0      -             -          -      0       0      0        0        0       0       0        0       -      0      0      0      0      0      0      0      0      0      0      0      0      0      0      0      0      0      0      0      2      0      0      0      0      0      0      0      0      0      0      0      0      0      0      0      0      0      0      0      0      0      0     
0x7b200527d2c0           LOP3.LUT R2, R0, 0xc0, RZ, 0xc0, !PT                        3      0      3      65536  2097152  2097152  32     32     0      -             -          -      0       0      0        0        0       0       0        0       -      0      0      0      0      0      0      0      0      0      0      0      0      0      0      0      0      0      0      0      3      0      0      0      0      0      0      0      0      0      0      0      0      0      0      0      0      0      0      0      0      0      0     
0x7b200527d2d0           FMUL R0, R21, 0.25                                          2      0      2      65536  2097152  2097152  32     32     0      -             -          -      0       0      0        0        0       0       0        0       -      0      0      0      0      0      0      0      0      0      0      0      0      0      0      0      0      0      0      0      2      0      0      0      0      0      0      0      0      0      0      0      0      0      0      0      0      0      0      0      0      0      0     
0x7b200527d2e0           ISETP.NE.U32.AND P0, PT, R38, RZ, PT                        3      0      3      65536  2097152  2097152  32     32     0      -             -          -      0       0      0        0        0       0       0        0       -      0      0      0      0      0      0      0      0      0      0      0      0      0      0      0      0      0      0      0      3      0      0      0      0      0      0      0      0      0      0      0      0      0      0      0      0      0      0      0      0      0      0     
0x7b200527d2f0           IMAD.SHL.U32 R38, R67, 0x2, RZ                              2      0      2      65536  2097152  2097152  32     32     0      -             -          -      0       0      0        0        0       0       0        0       -      0      0      0      0      0      0      0      0      0      0      0      0      0      0      0      0      0      0      0      2      0      0      0      0      0      0      0      0      0      0      0      0      0      0      0      0      0      0      0      0      0      0     
0x7b200527d300           FSETP.GT.AND P1, PT, |R7|, 8.50705917302346158658e+37, PT   3      0      3      65536  2097152  2097152  32     32     0      -             -          -      0       0      0        0        0       0       0        0       -      0      0      0      0      0      0      0      0      0      0      0      0      0      0      0      0      0      0      0      3      0      0      0      0      0      0      0      0      0      0      0      0      0      0      0      0      0      0      0      0      0      0     
0x7b200527d310           FMUL R9, R26, 0.25                                          3      0      3      65536  2097152  2097152  32     32     0      -             -          -      0       0      0        0        0       0       0        0       -      0      0      0      0      0      0      0      0      0      0      0      0      0      0      0      0      0      0      0      3      0      0      0      0      0      0      0      0      0      0      0      0      0      0      0      0      0      0      0      0      0      0     
0x7b200527d320           FSETP.GT.AND P2, PT, R55, RZ, PT                            5      0      5      65536  2097152  2097152  32     32     0      -             -          -      0       0      0        0        0       0       0        0       -      0      0      0      0      0      0      0      0      0      0      0      0      0      0      0      0      0      0      0      5      0      0      0      0      0      0      0      0      0      0      0      0      0      0      0      0      0      0      0      0      0      0     
0x7b200527d330           IMAD.MOV.U32 R33, RZ, RZ, 0x3e055027                        4      0      4      65536  2097152  2097152  32     32     0      -             -          -      0       0      0        0        0       0       0        0       -      0      0      0      0      0      0      0      0      0      0      0      0      0      0      0      0      0      0      0      4      0      0      0      0      0      0      0      0      0      0      0      0      0      0      0      0      0      0      0      0      0      0     
0x7b200527d340           FSEL R21, R0, R21, P1                                       3      0      3      65536  2097152  2097152  32     32     0      -             -          -      0       0      0        0        0       0       0        0       -      0      0      0      0      0      0      0      0      0      0      0      0      0      0      0      0      0      0      0      3      0      0      0      0      0      0      0      0      0      0      0      0      0      0      0      0      0      0      0      0      0      0     
0x7b200527d350           FMUL R0, R25, 0.25                                          4      0      4      65536  2097152  2097152  32     32     0      -             -          -      0       0      0        0        0       0       0        0       -      0      0      0      0      0      0      0      0      0      0      0      0      0      0      0      0      0      0      0      4      0      0      0      0      0      0      0      0      0      0      0      0      0      0      0      0      0      0      0      0      0      0     
0x7b200527d360           LOP3.LUT R11, R2, 0x48, R38, 0x78, !PT                      4      0      4      65536  2097152  2097152  32     32     0      -             -          -      0       0      0        0        0       0       0        0       -      0      0      0      0      0      0      0      0      0      0      0      0      0      0      0      0      0      0      0      4      0      0      0      0      0      0      0      0      0      0      0      0      0      0      0      0      0      0      0      0      0      0     
0x7b200527d370           FMUL R2, R13, 0.25                                          5      0      5      65536  2097152  2097152  32     32     0      -             -          -      0       0      0        0        0       0       0        0       -      0      0      0      0      0      0      0      0      0      0      0      0      0      0      0      0      0      0      0      5      0      0      0      0      0      0      0      0      0      0      0      0      0      0      0      0      0      0      0      0      0      0     
0x7b200527d380           FSEL R55, R55, 1, P2                                        4      0      4      65536  2097152  2097152  32     32     0      -             -          -      0       0      0        0        0       0       0        0       -      0      0      0      0      0      0      0      0      0      0      0      0      0      0      0      0      0      0      0      4      0      0      0      0      0      0      0      0      0      0      0      0      0      0      0      0      0      0      0      0      0      0     
0x7b200527d390           DEPBAR.LE SB0, 0x0                                          4      0      4      65536  2097152  2097152  32     32     0      -             -          -      0       0      0        0        0       0       0        0       -      0      0      0      0      0      0      0      0      0      0      0      0      0      0      0      0      0      0      0      4      0      0      0      0      0      0      0      0      0      0      0      0      0      0      0      0      0      0      0      0      0      0     
0x7b200527d3a0           FSEL R25, R0, R25, P1                                       2525   2189   2525   65536  2097152  2097152  32     32     0      -             -          -      0       0      0        0        0       0       0        0       -      0      0      0      0      0      0      0      0      0      0      0      0      2512   1      0      0      0      0      1      4      0      0      0      7      0      0      0      0      0      0      2182   0      0      0      0      0      0      0      0      0      0      7     
0x7b200527d3b0           FMUL R0, R23, 0.25                                          3      0      3      65536  2097152  2097152  32     32     0      -             -          -      0       0      0        0        0       0       0        0       -      0      0      0      0      0      0      0      0      0      0      0      0      0      0      0      0      0      0      0      3      0      0      0      0      0      0      0      0      0      0      0      0      0      0      0      0      0      0      0      0      0      0     
0x7b200527d3c0           FSEL R20, R3, R20, P1                                       3      0      3      65536  2097152  2097152  32     32     0      -             -          -      0       0      0        0        0       0       0        0       -      0      0      0      0      0      0      0      0      0      0      0      0      0      0      0      0      0      0      0      3      0      0      0      0      0      0      0      0      0      0      0      0      0      0      0      0      0      0      0      0      0      0     
0x7b200527d3d0           FMUL R3, R24, 0.25                                          4      0      4      65536  2097152  2097152  32     32     0      -             -          -      0       0      0        0        0       0       0        0       -      0      0      0      0      0      0      0      0      0      0      0      0      0      0      0      0      0      0      0      4      0      0      0      0      0      0      0      0      0      0      0      0      0      0      0      0      0      0      0      0      0      0     
0x7b200527d3e0           FSEL R13, R2, R13, P1                                       2      0      2      65536  2097152  2097152  32     32     0      -             -          -      0       0      0        0        0       0       0        0       -      0      0      0      0      0      0      0      0      0      0      0      0      0      0      0      0      0      0      0      2      0      0      0      0      0      0      0      0      0      0      0      0      0      0      0      0      0      0      0      0      0      0     
0x7b200527d3f0           FMUL R2, R17, 0.25                                          3      0      3      65536  2097152  2097152  32     32     0      -             -          -      0       0      0        0        0       0       0        0       -      0      0      0      0      0      0      0      0      0      0      0      0      0      0      0      0      0      0      0      3      0      0      0      0      0      0      0      0      0      0      0      0      0      0      0      0      0      0      0      0      0      0     
0x7b200527d400           FSETP.GT.AND P5, PT, |R55|, 8.50705917302346158658e+37, PT  0      0      0      65536  2097152  2097152  32     32     0      -             -          -      0       0      0        0        0       0       0        0       -      0      0      0      0      0      0      0      0      0      0      0      0      0      0      0      0      0      0      0      0      0      0      0      0      0      0      0      0      0      0      0      0      0      0      0      0      0      0      0      0      0      0     
0x7b200527d410           ULDC.64 UR6, c[0x0][0x1b0]                                  4      0      4      65536  2097152  2097152  32     32     0      -             -          -      0       0      0        0        0       0       0        0       -      0      0      0      0      0      0      0      0      0      0      0      0      0      0      0      0      0      0      0      4      0      0      0      0      0      0      0      0      0      0      0      0      0      0      0      0      0      0      0      0      0      0     
0x7b200527d420           FSEL R12, R5, R12, P1                                       1      0      1      65536  2097152  2097152  32     32     0      -             -          -      0       0      0        0        0       0       0        0       -      0      0      0      0      0      0      0      0      0      0      0      0      0      0      0      0      0      0      0      1      0      0      0      0      0      0      0      0      0      0      0      0      0      0      0      0      0      0      0      0      0      0     
0x7b200527d430           FMUL R5, R16, 0.25                                          6      0      6      65536  2097152  2097152  32     32     0      -             -          -      0       0      0        0        0       0       0        0       -      0      0      0      0      0      0      0      0      0      0      0      0      0      0      0      0      0      0      0      6      0      0      0      0      0      0      0      0      0      0      0      0      0      0      0      0      0      0      0      0      0      0     
0x7b200527d440           FSEL R23, R0, R23, P5                                       4      0      4      65536  2097152  2097152  32     32     0      -             -          -      0       0      0        0        0       0       0        0       -      0      0      0      0      0      0      0      0      0      0      0      0      0      0      0      0      0      0      0      4      0      0      0      0      0      0      0      0      0      0      0      0      0      0      0      0      0      0      0      0      0      0     
0x7b200527d450           FMUL R0, R27, 0.25                                          4      0      4      65536  2097152  2097152  32     32     0      -             -          -      0       0      0        0        0       0       0        0       -      0      0      0      0      0      0      0      0      0      0      0      0      0      0      0      0      0      0      0      4      0      0      0      0      0      0      0      0      0      0      0      0      0      0      0      0      0      0      0      0      0      0     
0x7b200527d460           FSEL R24, R3, R24, P1                                       4      0      4      65536  2097152  2097152  32     32     0      -             -          -      0       0      0        0        0       0       0        0       -      0      0      0      0      0      0      0      0      0      0      0      0      0      0      0      0      0      0      0      4      0      0      0      0      0      0      0      0      0      0      0      0      0      0      0      0      0      0      0      0      0      0     
0x7b200527d470           FMUL R3, R22, 0.25                                          2      0      2      65536  2097152  2097152  32     32     0      -             -          -      0       0      0        0        0       0       0        0       -      0      0      0      0      0      0      0      0      0      0      0      0      0      0      0      0      0      0      0      2      0      0      0      0      0      0      0      0      0      0      0      0      0      0      0      0      0      0      0      0      0      0     
0x7b200527d480           FSEL R17, R2, R17, P1                                       4      0      4      65536  2097152  2097152  32     32     0      -             -          -      0       0      0        0        0       0       0        0       -      0      0      0      0      0      0      0      0      0      0      0      0      0      0      0      0      0      0      0      4      0      0      0      0      0      0      0      0      0      0      0      0      0      0      0      0      0      0      0      0      0      0     
0x7b200527d490           FMUL R2, R15, 0.25                                          4      0      4      65536  2097152  2097152  32     32     0      -             -          -      0       0      0        0        0       0       0        0       -      0      0      0      0      0      0      0      0      0      0      0      0      0      0      0      0      0      0      0      4      0      0      0      0      0      0      0      0      0      0      0      0      0      0      0      0      0      0      0      0      0      0     
0x7b200527d4a0           FSEL R16, R5, R16, P1                                       5      0      5      65536  2097152  2097152  32     32     0      -             -          -      0       0      0        0        0       0       0        0       -      0      0      0      0      0      0      0      0      0      0      0      0      0      0      0      0      0      0      0      5      0      0      0      0      0      0      0      0      0      0      0      0      0      0      0      0      0      0      0      0      0      0     
0x7b200527d4b0           FMUL R5, R14, 0.25                                          9      0      9      65536  2097152  2097152  32     32     0      -             -          -      0       0      0        0        0       0       0        0       -      0      0      0      0      0      0      0      0      1      0      0      0      0      0      0      0      0      0      0      8      0      0      0      0      0      0      0      0      0      0      0      0      0      0      0      0      0      0      0      0      0      0     
0x7b200527d4c0           FSEL R27, R0, R27, P5                                       7      0      7      65536  2097152  2097152  32     32     0      -             -          -      0       0      0        0        0       0       0        0       -      0      0      0      0      0      0      0      0      0      0      0      0      0      0      0      0      0      0      0      7      0      0      0      0      0      0      0      0      0      0      0      0      0      0      0      0      0      0      0      0      0      0     
0x7b200527d4d0           FMUL R0, R55, 0.25                                          3      0      3      65536  2097152  2097152  32     32     0      -             -          -      0       0      0        0        0       0       0        0       -      0      0      0      0      0      0      0      0      0      0      0      0      0      0      0      0      0      0      0      3      0      0      0      0      0      0      0      0      0      0      0      0      0      0      0      0      0      0      0      0      0      0     
0x7b200527d4e0           FSEL R31, R3, R22, P5                                       2      0      2      65536  2097152  2097152  32     32     0      -             -          -      0       0      0        0        0       0       0        0       -      0      0      0      0      0      0      0      0      0      0      0      0      0      0      0      0      0      0      0      2      0      0      0      0      0      0      0      0      0      0      0      0      0      0      0      0      0      0      0      0      0      0     
0x7b200527d4f0           FMUL R3, R18, 0.25                                          3      0      3      65536  2097152  2097152  32     32     0      -             -          -      0       0      0        0        0       0       0        0       -      0      0      0      0      0      0      0      0      0      0      0      0      0      0      0      0      0      0      0      3      0      0      0      0      0      0      0      0      0      0      0      0      0      0      0      0      0      0      0      0      0      0     
0x7b200527d500           FSEL R15, R2, R15, P5                                       5      1      5      65536  2097152  2097152  32     32     0      -             -          -      0       0      0        0        0       0       0        0       -      0      0      0      0      0      0      0      0      0      0      0      0      0      1      0      0      0      1      0      3      0      0      0      0      0      0      0      0      0      0      0      1      0      0      0      0      0      0      0      0      0      0     
0x7b200527d510           FMUL R2, R19, 0.25                                          5      0      5      65536  2097152  2097152  32     32     0      -             -          -      0       0      0        0        0       0       0        0       -      0      0      0      0      0      0      0      0      0      0      0      0      0      0      0      0      0      0      0      5      0      0      0      0      0      0      0      0      0      0      0      0      0      0      0      0      0      0      0      0      0      0     
0x7b200527d520           FSEL R5, R5, R14, P5                                        1      0      1      65536  2097152  2097152  32     32     0      -             -          -      0       0      0        0        0       0       0        0       -      0      0      0      0      0      0      0      0      0      0      0      0      0      0      0      0      0      0      0      1      0      0      0      0      0      0      0      0      0      0      0      0      0      0      0      0      0      0      0      0      0      0     
0x7b200527d530           IMAD.SHL.U32 R22, R67, 0x4, RZ                              3      0      3      65536  2097152  2097152  32     32     0      -             -          -      0       0      0        0        0       0       0        0       -      0      0      0      0      0      0      0      0      0      0      0      0      0      0      0      0      0      0      0      3      0      0      0      0      0      0      0      0      0      0      0      0      0      0      0      0      0      0      0      0      0      0     
0x7b200527d540           FSEL R14, R0, R55, P5                                       2      0      2      65536  2097152  2097152  32     32     0      -             -          -      0       0      0        0        0       0       0        0       -      0      0      0      0      0      0      0      0      0      0      0      0      0      0      0      0      0      0      0      2      0      0      0      0      0      0      0      0      0      0      0      0      0      0      0      0      0      0      0      0      0      0     
0x7b200527d550           FMUL R0, R7, 8388608                                        5      0      5      65536  2097152  2097152  32     32     0      -             -          -      0       0      0        0        0       0       0        0       -      0      0      0      0      0      0      0      0      0      0      0      0      0      0      0      0      0      0      0      5      0      0      0      0      0      0      0      0      0      0      0      0      0      0      0      0      0      0      0      0      0      0     
0x7b200527d560           FSEL R9, R9, R26, P5                                        6      0      6      65536  2097152  2097152  32     32     0      -             -          -      0       0      0        0        0       0       0        0       -      0      0      0      0      0      0      0      0      0      0      0      0      0      0      0      0      0      0      0      6      0      0      0      0      0      0      0      0      0      0      0      0      0      0      0      0      0      0      0      0      0      0     
0x7b200527d570           UIMAD UR4, UR8, UR6, URZ                                    2      0      2      65536  2097152  2097152  32     32     0      -             -          -      0       0      0        0        0       0       0        0       -      0      0      0      0      0      0      0      0      0      0      0      0      0      0      0      0      0      0      0      2      0      0      0      0      0      0      0      0      0      0      0      0      0      0      0      0      0      0      0      0      0      0     
0x7b200527d580           FSEL R18, R3, R18, P5                                       4      0      4      65536  2097152  2097152  32     32     0      -             -          -      0       0      0        0        0       0       0        0       -      0      0      0      0      0      0      0      0      1      0      0      0      0      0      0      0      0      0      1      2      0      0      0      0      0      0      0      0      0      0      0      0      0      0      0      0      0      0      0      0      0      0     
0x7b200527d590           USHF.L.U32 UR10, UR10, 0x2, URZ                             5      0      5      65536  2097152  2097152  32     32     0      -             -          -      0       0      0        0        0       0       0        0       -      0      0      0      0      0      0      0      0      0      0      0      0      0      0      0      0      0      0      0      5      0      0      0      0      0      0      0      0      0      0      0      0      0      0      0      0      0      0      0      0      0      0     
0x7b200527d5a0           FSEL R19, R2, R19, P5                                       2      0      2      65536  2097152  2097152  32     32     0      -             -          -      0       0      0        0        0       0       0        0       -      0      0      0      0      0      0      0      0      0      0      0      0      0      0      0      0      0      0      0      2      0      0      0      0      0      0      0      0      0      0      0      0      0      0      0      0      0      0      0      0      0      0     
0x7b200527d5b0           IMAD.SHL.U32 R2, R67, 0x200, RZ                             3      0      3      65536  2097152  2097152  32     32     0      -             -          -      0       0      0        0        0       0       0        0       -      0      0      0      0      0      0      0      0      0      0      0      0      0      0      0      0      0      0      0      3      0      0      0      0      0      0      0      0      0      0      0      0      0      0      0      0      0      0      0      0      0      0     
0x7b200527d5c0           FSETP.GEU.AND P5, PT, R7, 1.175494350822287508e-38, PT      3      0      3      65536  2097152  2097152  32     32     0      -             -          -      0       0      0        0        0       0       0        0       -      0      0      0      0      0      0      0      0      0      0      0      0      0      0      0      0      0      0      0      3      0      0      0      0      0      0      0      0      0      0      0      0      0      0      0      0      0      0      0      0      0      0     
0x7b200527d5d0           ULDC UR5, c[0x0][0x1b8]                                     4      0      4      65536  2097152  2097152  32     32     0      -             -          -      0       0      0        0        0       0       0        0       -      0      0      0      0      0      0      0      0      0      0      0      0      0      0      0      0      0      0      0      4      0      0      0      0      0      0      0      0      0      0      0      0      0      0      0      0      0      0      0      0      0      0     
0x7b200527d5e0           FSETP.GEU.AND P2, PT, |R55|, 1.175494350822287508e-38, PT   1      0      1      65536  2097152  2097152  32     32     0      -             -          -      0       0      0        0        0       0       0        0       -      0      0      0      0      0      0      0      0      0      0      0      0      0      0      0      0      0      0      0      1      0      0      0      0      0      0      0      0      0      0      0      0      0      0      0      0      0      0      0      0      0      0     
0x7b200527d5f0           UIMAD UR5, UR9, UR5, UR4                                    3      0      3      65536  2097152  2097152  32     32     0      -             -          -      0       0      0        0        0       0       0        0       -      0      0      0      0      0      0      0      0      0      0      0      0      0      0      0      0      0      0      0      3      0      0      0      0      0      0      0      0      0      0      0      0      0      0      0      0      0      0      0      0      0      0     
0x7b200527d600           FSEL R0, R0, R7, !P5                                        3      0      3      65536  2097152  2097152  32     32     0      -             -          -      0       0      0        0        0       0       0        0       -      0      0      0      0      0      0      0      0      0      0      0      0      0      0      0      0      0      0      1      2      0      0      0      0      0      0      0      0      0      0      0      0      0      0      0      0      0      0      0      0      0      0     
0x7b200527d610           UIMAD UR6, UR10, UR7, UR7                                   7      0      7      65536  2097152  2097152  32     32     0      -             -          -      0       0      0        0        0       0       0        0       -      0      0      0      0      0      0      0      0      0      0      0      0      0      0      0      0      0      0      0      7      0      0      0      0      0      0      0      0      0      0      0      0      0      0      0      0      0      0      0      0      0      0     
0x7b200527d620           LOP3.LUT R11, R11, 0x1800, R2, 0xf8, !PT                    5      0      5      65536  2097152  2097152  32     32     0      -             -          -      0       0      0        0        0       0       0        0       -      0      0      0      0      0      0      0      0      2      0      0      0      0      0      0      0      0      0      0      3      0      0      0      0      0      0      0      0      0      0      0      0      0      0      0      0      0      0      0      0      0      0     
0x7b200527d630           SHF.R.U32.HI R6, RZ, 0x3, R67                               10     1      10     65536  2097152  2097152  32     32     0      -             -          -      0       0      0        0        0       0       0        0       -      0      0      0      0      0      0      0      0      0      0      0      0      0      2      0      0      0      0      4      0      0      0      0      4      0      0      0      0      0      0      0      1      0      0      0      0      0      0      0      0      0      0     
0x7b200527d640           UIADD3 UR4, UR6, UR7, URZ                                   4      0      4      65536  2097152  2097152  32     32     0      -             -          -      0       0      0        0        0       0       0        0       -      0      0      0      0      0      0      0      0      0      0      0      0      0      0      0      0      0      0      0      4      0      0      0      0      0      0      0      0      0      0      0      0      0      0      0      0      0      0      0      0      0      0     
0x7b200527d650           FSETP.GEU.AND P4, PT, R55, 1.175494350822287508e-38, PT     3      0      3      65536  2097152  2097152  32     32     0      -             -          -      0       0      0        0        0       0       0        0       -      0      0      0      0      0      0      0      0      0      0      0      0      0      0      0      0      0      0      0      3      0      0      0      0      0      0      0      0      0      0      0      0      0      0      0      0      0      0      0      0      0      0     
0x7b200527d660           IADD3 R2, R0, -0x3f2aaaab, RZ                               13     0      13     65536  2097152  2097152  32     32     0      -             -          -      0       0      0        0        0       0       0        0       -      0      0      0      0      0      0      0      0      0      0      0      0      0      1      0      0      0      0      2      4      0      0      0      6      0      0      0      0      0      0      0      0      0      0      0      0      0      0      0      0      0      0     
0x7b200527d670           SGXT.U32 R6, R6, 0x2                                        15     6      15     65536  2097152  2097152  32     32     0      -             -          -      0       0      0        0        0       0       0        0       -      0      0      0      0      0      0      0      0      0      0      0      0      0      2      0      0      0      0      1      5      0      0      0      7      0      0      0      0      0      0      0      1      0      0      0      0      0      0      0      0      0      5     
0x7b200527d680     @!P2  FMUL R14, R14, 16777216                                     3      0      3      65536  2097152  0        32     0      0      -             -          -      0       0      0        0        0       0       0        0       -      0      0      0      0      0      0      0      0      0      0      0      0      0      0      0      0      0      0      0      3      0      0      0      0      0      0      0      0      0      0      0      0      0      0      0      0      0      0      0      0      0      0     
0x7b200527d690           FSETP.GEU.AND P3, PT, |R7|, 1.175494350822287508e-38, PT    6      0      6      65536  2097152  2097152  32     32     0      -             -          -      0       0      0        0        0       0       0        0       -      0      0      0      0      0      0      0      0      0      0      0      0      0      0      0      0      0      0      0      6      0      0      0      0      0      0      0      0      0      0      0      0      0      0      0      0      0      0      0      0      0      0     
0x7b200527d6a0     @P1   FMUL R7, R7, 0.25                                           4      0      4      65536  2097152  0        32     0      0      -             -          -      0       0      0        0        0       0       0        0       -      0      0      0      0      0      0      0      0      0      0      0      0      0      0      0      0      0      0      0      4      0      0      0      0      0      0      0      0      0      0      0      0      0      0      0      0      0      0      0      0      0      0     
0x7b200527d6b0           LOP3.LUT R3, R2, 0xff800000, RZ, 0xc0, !PT                  5      0      5      65536  2097152  2097152  32     32     0      -             -          -      0       0      0        0        0       0       0        0       -      0      0      0      0      0      0      0      0      1      0      0      0      0      0      0      0      0      0      0      4      0      0      0      0      0      0      0      0      0      0      0      0      0      0      0      0      0      0      0      0      0      0     
0x7b200527d6c0     @!P2  FMUL R31, R31, 16777216                                     7      0      7      65536  2097152  0        32     0      0      -             -          -      0       0      0        0        0       0       0        0       -      0      0      0      0      0      0      0      0      0      0      0      0      0      0      0      0      0      0      0      7      0      0      0      0      0      0      0      0      0      0      0      0      0      0      0      0      0      0      0      0      0      0     
0x7b200527d6d0           LOP3.LUT R6, R6, 0x1c, R22, 0xf8, !PT                       4      0      4      65536  2097152  2097152  32     32     0      -             -          -      0       0      0        0        0       0       0        0       -      0      0      0      0      0      0      0      0      0      0      0      0      0      0      0      0      0      0      0      4      0      0      0      0      0      0      0      0      0      0      0      0      0      0      0      0      0      0      0      0      0      0     
0x7b200527d6e0           MUFU.RCP R14, R14                                           4      0      4      65536  2097152  2097152  32     32     0      -             -          -      0       0      0        0        0       0       0        0       -      0      0      0      0      0      0      0      0      0      0      0      0      0      0      0      0      0      0      0      4      0      0      0      0      0      0      0      0      0      0      0      0      0      0      0      0      0      0      0      0      0      0     
0x7b200527d6f0           LOP3.LUT R22, R11, 0x100, R22, 0xf8, !PT                    4      0      4      65536  2097152  2097152  32     32     0      -             -          -      0       0      0        0        0       0       0        0       -      0      0      0      0      0      0      0      0      0      0      0      0      0      0      0      0      0      0      0      4      0      0      0      0      0      0      0      0      0      0      0      0      0      0      0      0      0      0      0      0      0      0     
0x7b200527d700           IMAD.IADD R4, R0, 0x1, -R3                                  3      0      3      65536  2097152  2097152  32     32     0      -             -          -      0       0      0        0        0       0       0        0       -      0      0      0      0      0      0      0      0      0      0      0      0      0      0      0      0      0      0      0      3      0      0      0      0      0      0      0      0      0      0      0      0      0      0      0      0      0      0      0      0      0      0     
0x7b200527d710     @!P4  FMUL R55, R55, 8388608                                      3      0      3      65536  2097152  0        32     0      0      -             -          -      0       0      0        0        0       0       0        0       -      0      0      0      0      0      0      0      0      0      0      0      0      0      0      0      0      0      0      0      3      0      0      0      0      0      0      0      0      0      0      0      0      0      0      0      0      0      0      0      0      0      0     
0x7b200527d720           FSEL R2, RZ, -23, P5                                        1      0      1      65536  2097152  2097152  32     32     0      -             -          -      0       0      0        0        0       0       0        0       -      0      0      0      0      0      0      0      0      0      0      0      0      0      0      0      0      0      0      0      1      0      0      0      0      0      0      0      0      0      0      0      0      0      0      0      0      0      0      0      0      0      0     
0x7b200527d730     @!P2  FMUL R5, R5, 16777216                                       7      0      7      65536  2097152  0        32     0      0      -             -          -      0       0      0        0        0       0       0        0       -      0      0      0      0      0      0      0      0      0      0      0      0      0      0      0      0      0      0      0      7      0      0      0      0      0      0      0      0      0      0      0      0      0      0      0      0      0      0      0      0      0      0     
0x7b200527d740           LOP3.LUT R59, R22, R59, RZ, 0xfc, !PT                       2      0      2      65536  2097152  2097152  32     32     0      -             -          -      0       0      0        0        0       0       0        0       -      0      0      0      0      0      0      0      0      0      0      0      0      0      0      0      0      0      0      0      2      0      0      0      0      0      0      0      0      0      0      0      0      0      0      0      0      0      0      0      0      0      0     
0x7b200527d750           FADD R22, R4, -1                                            7      0      7      65536  2097152  2097152  32     32     0      -             -          -      0       0      0        0        0       0       0        0       -      0      0      0      0      0      0      0      0      0      0      0      0      0      0      0      0      0      0      0      7      0      0      0      0      0      0      0      0      0      0      0      0      0      0      0      0      0      0      0      0      0      0     
0x7b200527d760     @!P3  FMUL R7, R7, 16777216                                       2      0      2      65536  2097152  0        32     0      0      -             -          -      0       0      0        0        0       0       0        0       -      0      0      0      0      0      0      0      0      0      0      0      0      0      0      0      0      0      0      0      2      0      0      0      0      0      0      0      0      0      0      0      0      0      0      0      0      0      0      0      0      0      0     
0x7b200527d770           IADD3 R11, R55, -0x3f2aaaab, RZ                             3      0      3      65536  2097152  2097152  32     32     0      -             -          -      0       0      0        0        0       0       0        0       -      0      0      0      0      0      0      0      0      0      0      0      0      0      0      0      0      0      0      0      3      0      0      0      0      0      0      0      0      0      0      0      0      0      0      0      0      0      0      0      0      0      0     
0x7b200527d780     @!P3  FMUL R20, R20, 16777216                                     6      1      6      65536  2097152  0        32     0      0      -             -          -      0       0      0        0        0       0       0        0       -      0      0      0      0      0      0      0      0      0      0      0      0      0      0      0      0      0      3      1      2      0      0      0      0      0      0      0      0      0      0      0      0      0      0      0      1      0      0      0      0      0      0     
0x7b200527d790           FFMA.FTZ R29, R22, -R33, 0.14084610342979431152             5      0      5      65536  2097152  2097152  32     32     0      -             -          -      0       0      0        0        0       0       0        0       -      0      0      0      0      0      0      0      0      0      0      0      0      0      0      0      0      0      0      0      5      0      0      0      0      0      0      0      0      0      0      0      0      0      0      0      0      0      0      0      0      0      0     
0x7b200527d7a0           I2FP.F32.S32 R3, R3                                         6      0      6      65536  2097152  2097152  32     32     0      -             -          -      0       0      0        0        0       0       0        0       -      0      0      0      0      0      0      0      0      0      0      0      0      0      0      0      0      0      0      0      6      0      0      0      0      0      0      0      0      0      0      0      0      0      0      0      0      0      0      0      0      0      0     
0x7b200527d7b0     @!P3  FMUL R12, R12, 16777216                                     1      0      1      65536  2097152  0        32     0      0      -             -          -      0       0      0        0        0       0       0        0       -      0      0      0      0      0      0      0      0      0      0      0      0      0      0      0      0      0      0      0      1      0      0      0      0      0      0      0      0      0      0      0      0      0      0      0      0      0      0      0      0      0      0     
0x7b200527d7c0           LOP3.LUT R26, R11, 0xff800000, RZ, 0xc0, !PT                4      0      4      65536  2097152  2097152  32     32     0      -             -          -      0       0      0        0        0       0       0        0       -      0      0      0      0      0      0      0      0      0      0      0      0      0      0      0      0      0      0      0      4      0      0      0      0      0      0      0      0      0      0      0      0      0      0      0      0      0      0      0      0      0      0     
0x7b200527d7d0           FFMA.FTZ R29, R22, R29, -0.12148627638816833496             2      0      2      65536  2097152  2097152  32     32     0      -             -          -      0       0      0        0        0       0       0        0       -      0      0      0      0      0      0      0      0      0      0      0      0      0      0      0      0      0      0      0      2      0      0      0      0      0      0      0      0      0      0      0      0      0      0      0      0      0      0      0      0      0      0     
0x7b200527d7e0           MUFU.RCP R7, R7                                             4      0      4      65536  2097152  2097152  32     32     0      -             -          -      0       0      0        0        0       0       0        0       -      0      0      0      0      0      0      0      0      0      0      0      0      0      0      0      0      0      0      0      4      0      0      0      0      0      0      0      0      0      0      0      0      0      0      0      0      0      0      0      0      0      0     
0x7b200527d7f0           FFMA.FTZ R11, R3, 1.1920928955078125e-07, R2                2      0      2      65536  2097152  2097152  32     32     0      -             -          -      0       0      0        0        0       0       0        0       -      0      0      0      0      0      0      0      0      0      0      0      0      0      0      0      0      0      0      0      2      0      0      0      0      0      0      0      0      0      0      0      0      0      0      0      0      0      0      0      0      0      0     
0x7b200527d800           FMUL R3, R14, R31                                           1      0      1      65536  2097152  2097152  32     32     0      -             -          -      0       0      0        0        0       0       0        0       -      0      0      0      0      0      0      0      0      0      0      0      0      0      0      0      0      0      0      0      1      0      0      0      0      0      0      0      0      0      0      0      0      0      0      0      0      0      0      0      0      0      0     
0x7b200527d810           FFMA.FTZ R29, R22, R29, 0.13980610668659210205              2      0      2      65536  2097152  2097152  32     32     0      -             -          -      0       0      0        0        0       0       0        0       -      0      0      0      0      0      0      0      0      0      0      0      0      0      0      0      0      0      0      0      2      0      0      0      0      0      0      0      0      0      0      0      0      0      0      0      0      0      0      0      0      0      0     
0x7b200527d820           IMAD.IADD R4, R55, 0x1, -R26                                4      0      4      65536  2097152  2097152  32     32     0      -             -          -      0       0      0        0        0       0       0        0       -      0      0      0      0      0      0      0      0      0      0      0      0      0      1      0      0      0      0      1      2      0      0      0      0      0      0      0      0      0      0      0      0      0      0      0      0      0      0      0      0      0      0     
0x7b200527d830     @!P2  FMUL R9, R9, 16777216                                       6      0      6      65536  2097152  0        32     0      0      -             -          -      0       0      0        0        0       0       0        0       -      0      0      0      0      0      0      0      0      0      0      0      0      0      0      0      0      0      0      0      6      0      0      0      0      0      0      0      0      0      0      0      0      0      0      0      0      0      0      0      0      0      0     
0x7b200527d840     @!P3  FMUL R24, R24, 16777216                                     2      0      2      65536  2097152  0        32     0      0      -             -          -      0       0      0        0        0       0       0        0       -      0      0      0      0      0      0      0      0      0      0      0      0      0      0      0      0      0      0      0      2      0      0      0      0      0      0      0      0      0      0      0      0      0      0      0      0      0      0      0      0      0      0     
0x7b200527d850           FFMA.FTZ R29, R22, R29, -0.16684235632419586182             5      0      5      65536  2097152  2097152  32     32     0      -             -          -      0       0      0        0        0       0       0        0       -      0      0      0      0      0      0      0      0      0      0      0      0      0      0      0      0      0      0      0      5      0      0      0      0      0      0      0      0      0      0      0      0      0      0      0      0      0      0      0      0      0      0     
0x7b200527d860           FADD R28, R4, -1                                            3      0      3      65536  2097152  2097152  32     32     0      -             -          -      0       0      0        0        0       0       0        0       -      0      0      0      0      0      0      0      0      0      0      0      0      0      0      0      0      0      0      0      3      0      0      0      0      0      0      0      0      0      0      0      0      0      0      0      0      0      0      0      0      0      0     
0x7b200527d870     @!P3  FMUL R21, R21, 16777216                                     1      0      1      65536  2097152  0        32     0      0      -             -          -      0       0      0        0        0       0       0        0       -      0      0      0      0      0      0      0      0      0      0      0      0      0      0      0      0      0      0      0      1      0      0      0      0      0      0      0      0      0      0      0      0      0      0      0      0      0      0      0      0      0      0     
0x7b200527d880     @!P2  FMUL R18, R18, 16777216                                     5      0      5      65536  2097152  0        32     0      0      -             -          -      0       0      0        0        0       0       0        0       -      0      0      0      0      0      0      0      0      0      0      0      0      0      0      0      0      0      1      0      4      0      0      0      0      0      0      0      0      0      0      0      0      0      0      0      0      0      0      0      0      0      0     
0x7b200527d890           FFMA.FTZ R29, R22, R29, 0.20012299716472625732              7      0      7      65536  2097152  2097152  32     32     0      -             -          -      0       0      0        0        0       0       0        0       -      0      0      0      0      0      0      0      0      0      0      0      0      0      0      0      0      0      0      0      7      0      0      0      0      0      0      0      0      0      0      0      0      0      0      0      0      0      0      0      0      0      0     
0x7b200527d8a0           FFMA.FTZ R31, R28, -R33, 0.14084610342979431152             3      0      3      65536  2097152  2097152  32     32     0      -             -          -      0       0      0        0        0       0       0        0       -      0      0      0      0      0      0      0      0      0      0      0      0      0      0      0      0      0      0      0      3      0      0      0      0      0      0      0      0      0      0      0      0      0      0      0      0      0      0      0      0      0      0     
0x7b200527d8b0     @!P3  FMUL R16, R16, 16777216                                     4      0      4      65536  2097152  0        32     0      0      -             -          -      0       0      0        0        0       0       0        0       -      0      0      0      0      0      0      0      0      0      0      0      0      0      0      0      0      0      0      0      4      0      0      0      0      0      0      0      0      0      0      0      0      0      0      0      0      0      0      0      0      0      0     
0x7b200527d8c0     @!P2  FMUL R23, R23, 16777216                                     2      0      2      65536  2097152  0        32     0      0      -             -          -      0       0      0        0        0       0       0        0       -      0      0      0      0      0      0      0      0      0      0      0      0      0      0      0      0      0      0      0      2      0      0      0      0      0      0      0      0      0      0      0      0      0      0      0      0      0      0      0      0      0      0     
0x7b200527d8d0           FFMA.FTZ R29, R22, R29, -0.24999669194221496582             4      0      4      65536  2097152  2097152  32     32     0      -             -          -      0       0      0        0        0       0       0        0       -      0      0      0      0      0      0      0      0      0      0      0      0      0      0      0      0      0      0      0      4      0      0      0      0      0      0      0      0      0      0      0      0      0      0      0      0      0      0      0      0      0      0     
0x7b200527d8e0           FMUL R2, R7, R20                                            7      0      7      65536  2097152  2097152  32     32     0      -             -          -      0       0      0        0        0       0       0        0       -      0      0      0      0      0      0      0      0      0      0      0      0      0      0      0      0      0      0      1      6      0      0      0      0      0      0      0      0      0      0      0      0      0      0      0      0      0      0      0      0      0      0     
0x7b200527d8f0           BAR.SYNC.DEFER_BLOCKING 0x0                                 32     30     32     65536  2097152  2097152  32     32     0      -             -          -      0       0      0        0        0       0       0        0       -      0      0      0      0      0      0      0      0      0      0      0      8      0      0      0      23     0      0      0      1      0      0      0      0      0      0      0      0      0      8      0      0      0      22     0      0      0      0      0      0      0      0     
0x7b200527d900           FFMA.FTZ R31, R28, R31, -0.12148627638816833496             5      1      5      65536  2097152  2097152  32     32     0      -             -          -      0       0      0        0        0       0       0        0       -      0      0      0      0      0      0      0      0      0      0      0      0      0      0      0      0      0      1      0      4      0      0      0      0      0      0      0      0      0      0      0      0      0      0      0      1      0      0      0      0      0      0     
0x7b200527d910           FSEL R20, RZ, -23, P4                                       2      0      2      65536  2097152  2097152  32     32     0      -             -          -      0       0      0        0        0       0       0        0       -      0      0      0      0      0      0      0      0      0      0      0      0      0      0      0      0      0      0      0      2      0      0      0      0      0      0      0      0      0      0      0      0      0      0      0      0      0      0      0      0      0      0     
0x7b200527d920           FFMA.FTZ R29, R22, R29, 0.33333182334899902344              7      0      7      65536  2097152  2097152  32     32     0      -             -          -      0       0      0        0        0       0       0        0       -      0      0      0      0      0      0      0      0      0      0      0      0      0      0      0      0      0      0      0      7      0      0      0      0      0      0      0      0      0      0      0      0      0      0      0      0      0      0      0      0      0      0     
0x7b200527d930           ISETP.GE.U32.AND P4, PT, R0, 0x7f800000, PT                 7      0      7      65536  2097152  2097152  32     32     0      -             -          -      0       0      0        0        0       0       0        0       -      0      0      0      0      0      0      0      0      0      0      0      0      0      0      0      0      0      0      0      7      0      0      0      0      0      0      0      0      0      0      0      0      0      0      0      0      0      0      0      0      0      0     
0x7b200527d940           FFMA.FTZ R31, R28, R31, 0.13980610668659210205              5      0      5      65536  2097152  2097152  32     32     0      -             -          -      0       0      0        0        0       0       0        0       -      0      0      0      0      0      0      0      0      0      0      0      0      0      0      0      0      0      0      0      5      0      0      0      0      0      0      0      0      0      0      0      0      0      0      0      0      0      0      0      0      0      0     
0x7b200527d950     @!P3  FMUL R13, R13, 16777216                                     4      0      4      65536  2097152  0        32     0      0      -             -          -      0       0      0        0        0       0       0        0       -      0      0      0      0      0      0      0      0      0      0      0      0      0      0      0      0      0      0      0      4      0      0      0      0      0      0      0      0      0      0      0      0      0      0      0      0      0      0      0      0      0      0     
0x7b200527d960           FFMA.FTZ R29, R22, R29, -0.5                                5      0      5      65536  2097152  2097152  32     32     0      -             -          -      0       0      0        0        0       0       0        0       -      0      0      0      0      0      0      0      0      0      0      0      0      0      0      0      0      0      0      0      5      0      0      0      0      0      0      0      0      0      0      0      0      0      0      0      0      0      0      0      0      0      0     
0x7b200527d970     @!P3  FMUL R25, R25, 16777216                                     2      0      2      65536  2097152  0        32     0      0      -             -          -      0       0      0        0        0       0       0        0       -      0      0      0      0      0      0      0      0      0      0      0      0      0      0      0      0      0      0      0      2      0      0      0      0      0      0      0      0      0      0      0      0      0      0      0      0      0      0      0      0      0      0     
0x7b200527d980           FFMA.FTZ R31, R28, R31, -0.16684235632419586182             5      1      5      65536  2097152  2097152  32     32     0      -             -          -      0       0      0        0        0       0       0        0       -      0      0      0      0      0      0      0      0      0      0      0      0      0      0      0      0      0      1      0      4      0      0      0      0      0      0      0      0      0      0      0      0      0      0      0      1      0      0      0      0      0      0     
0x7b200527d990     @!P2  FMUL R15, R15, 16777216                                     4      0      4      65536  2097152  0        32     0      0      -             -          -      0       0      0        0        0       0       0        0       -      0      0      0      0      0      0      0      0      2      0      0      0      0      0      0      0      0      0      0      2      0      0      0      0      0      0      0      0      0      0      0      0      0      0      0      0      0      0      0      0      0      0     
0x7b200527d9a0           FMUL R29, R22, R29                                          3      0      3      65536  2097152  2097152  32     32     0      -             -          -      0       0      0        0        0       0       0        0       -      0      0      0      0      0      0      0      0      0      0      0      0      0      0      0      0      0      0      0      3      0      0      0      0      0      0      0      0      0      0      0      0      0      0      0      0      0      0      0      0      0      0     
0x7b200527d9b0     @!P2  FMUL R27, R27, 16777216                                     2      0      2      65536  2097152  0        32     0      0      -             -          -      0       0      0        0        0       0       0        0       -      0      0      0      0      0      0      0      0      0      0      0      0      0      0      0      0      0      0      0      2      0      0      0      0      0      0      0      0      0      0      0      0      0      0      0      0      0      0      0      0      0      0     
0x7b200527d9c0           FFMA.FTZ R31, R28, R31, 0.20012299716472625732              2      0      2      65536  2097152  2097152  32     32     0      -             -          -      0       0      0        0        0       0       0        0       -      0      0      0      0      0      0      0      0      0      0      0      0      0      0      0      0      0      0      0      2      0      0      0      0      0      0      0      0      0      0      0      0      0      0      0      0      0      0      0      0      0      0     
0x7b200527d9d0     @!P3  FMUL R17, R17, 16777216                                     1      0      1      65536  2097152  0        32     0      0      -             -          -      0       0      0        0        0       0       0        0       -      0      0      0      0      0      0      0      0      0      0      0      0      0      0      0      0      0      0      0      1      0      0      0      0      0      0      0      0      0      0      0      0      0      0      0      0      0      0      0      0      0      0     
0x7b200527d9e0           FFMA.FTZ R22, R22, R29, R22                                 5      0      5      65536  2097152  2097152  32     32     0      -             -          -      0       0      0        0        0       0       0        0       -      0      0      0      0      0      0      0      0      0      0      0      0      0      0      0      0      0      0      0      5      0      0      0      0      0      0      0      0      0      0      0      0      0      0      0      0      0      0      0      0      0      0     
0x7b200527d9f0     @!P2  FMUL R19, R19, 16777216                                     4      0      4      65536  2097152  0        32     0      0      -             -          -      0       0      0        0        0       0       0        0       -      0      0      0      0      0      0      0      0      0      0      0      0      0      0      0      0      0      0      0      4      0      0      0      0      0      0      0      0      0      0      0      0      0      0      0      0      0      0      0      0      0      0     
0x7b200527da00     @P4   IMAD.MOV.U32 R29, RZ, RZ, 0x7f800000                        10     0      10     65536  2097152  0        32     0      0      -             -          -      0       0      0        0        0       0       0        0       -      0      0      0      0      0      0      0      0      0      0      0      0      0      6      0      0      0      2      1      1      0      0      0      0      0      0      0      0      0      0      0      0      0      0      0      0      0      0      0      0      0      0     
0x7b200527da10           FFMA.FTZ R31, R28, R31, -0.24999669194221496582             6      0      6      65536  2097152  2097152  32     32     0      -             -          -      0       0      0        0        0       0       0        0       -      0      0      0      0      0      0      0      0      0      0      0      0      0      0      0      0      0      0      0      6      0      0      0      0      0      0      0      0      0      0      0      0      0      0      0      0      0      0      0      0      0      0     
0x7b200527da20           FFMA.FTZ R11, R11, 0.69314718246459960938, R22              0      0      0      65536  2097152  2097152  32     32     0      -             -          -      0       0      0        0        0       0       0        0       -      0      0      0      0      0      0      0      0      0      0      0      0      0      0      0      0      0      0      0      0      0      0      0      0      0      0      0      0      0      0      0      0      0      0      0      0      0      0      0      0      0      0     
0x7b200527da30           FMUL R4, R7, R24                                            2      0      2      65536  2097152  2097152  32     32     0      -             -          -      0       0      0        0        0       0       0        0       -      0      0      0      0      0      0      0      0      0      0      0      0      0      0      0      0      0      0      0      2      0      0      0      0      0      0      0      0      0      0      0      0      0      0      0      0      0      0      0      0      0      0     
0x7b200527da40           FSETP.NEU.AND P5, PT, R0, RZ, PT                            3      0      3      65536  2097152  2097152  32     32     0      -             -          -      0       0      0        0        0       0       0        0       -      0      0      0      0      0      0      0      0      0      0      0      0      0      0      0      0      0      0      0      3      0      0      0      0      0      0      0      0      0      0      0      0      0      0      0      0      0      0      0      0      0      0     
0x7b200527da50     @P4   FFMA.FTZ R11, R0, R29, +INF                                 2      0      2      65536  2097152  0        32     0      0      -             -          -      0       0      0        0        0       0       0        0       -      0      0      0      0      0      0      0      0      0      0      0      0      0      0      0      0      0      0      0      2      0      0      0      0      0      0      0      0      0      0      0      0      0      0      0      0      0      0      0      0      0      0     
0x7b200527da60           FMUL R22, R7, R21                                           4      0      4      65536  2097152  2097152  32     32     0      -             -          -      0       0      0        0        0       0       0        0       -      0      0      0      0      0      0      0      0      0      0      0      0      0      0      0      0      0      0      0      4      0      0      0      0      0      0      0      0      0      0      0      0      0      0      0      0      0      0      0      0      0      0     
0x7b200527da70           STS.64 [R59], R2                                            647    503    647    65536  2097152  2097152  32     32     0      Shared        Store      64     0       2      0        131072   131072  0       0        0       -      0      0      0      0      0      0      593    0      1      0      0      0      0      0      0      44     0      0      3      6      0      0      0      0      461    0      1      0      0      0      0      0      0      41     0      0      0      0      0      0      0      0     
0x7b200527da80           FFMA.FTZ R31, R28, R31, 0.33333182334899902344              5      0      5      65536  2097152  2097152  32     32     0      -             -          -      0       0      0        0        0       0       0        0       -      0      0      0      0      0      0      0      0      0      0      0      0      0      0      0      0      0      0      1      4      0      0      0      0      0      0      0      0      0      0      0      0      0      0      0      0      0      0      0      0      0      0     
0x7b200527da90           ISETP.GE.U32.AND P1, PT, R55, 0x7f800000, PT                2      0      2      65536  2097152  2097152  32     32     0      -             -          -      0       0      0        0        0       0       0        0       -      0      0      0      0      0      0      0      0      1      0      0      0      0      0      0      0      0      0      0      1      0      0      0      0      0      0      0      0      0      0      0      0      0      0      0      0      0      0      0      0      0      0     
0x7b200527daa0           FMUL R23, R14, R23                                          2      0      2      65536  2097152  2097152  32     32     0      -             -          -      0       0      0        0        0       0       0        0       -      0      0      0      0      0      0      0      0      0      0      0      0      0      0      0      0      0      0      0      2      0      0      0      0      0      0      0      0      0      0      0      0      0      0      0      0      0      0      0      0      0      0     
0x7b200527dab0           LOP3.LUT R0, R59, 0x8, RZ, 0x3c, !PT                        5      0      5      65536  2097152  2097152  32     32     0      -             -          -      0       0      0        0        0       0       0        0       -      0      0      0      0      0      0      0      0      0      0      0      0      0      0      0      0      0      0      0      5      0      0      0      0      0      0      0      0      0      0      0      0      0      0      0      0      0      0      0      0      0      0     
0x7b200527dac0           FMUL R21, R14, R15                                          5      0      5      65536  2097152  2097152  32     32     0      -             -          -      0       0      0        0        0       0       0        0       -      0      0      0      0      0      0      0      0      0      0      0      0      0      0      0      0      0      0      0      5      0      0      0      0      0      0      0      0      0      0      0      0      0      0      0      0      0      0      0      0      0      0     
0x7b200527dad0           FMUL R27, R14, R27                                          2      0      2      65536  2097152  2097152  32     32     0      -             -          -      0       0      0        0        0       0       0        0       -      0      0      0      0      0      0      0      0      1      0      0      0      0      0      0      0      0      0      0      1      0      0      0      0      0      0      0      0      0      0      0      0      0      0      0      0      0      0      0      0      0      0     
0x7b200527dae0           FMUL R19, R14, R19                                          4      0      4      65536  2097152  2097152  32     32     0      -             -          -      0       0      0        0        0       0       0        0       -      0      0      0      0      0      0      0      0      0      0      0      0      0      0      0      0      0      0      0      4      0      0      0      0      0      0      0      0      0      0      0      0      0      0      0      0      0      0      0      0      0      0     
0x7b200527daf0           FFMA.FTZ R31, R28, R31, -0.5                                5      0      5      65536  2097152  2097152  32     32     0      -             -          -      0       0      0        0        0       0       0        0       -      0      0      0      0      0      0      0      0      0      0      0      0      0      0      0      0      0      0      0      5      0      0      0      0      0      0      0      0      0      0      0      0      0      0      0      0      0      0      0      0      0      0     
0x7b200527db00           LOP3.LUT R30, R67, 0x70, RZ, 0xc0, !PT                      6      0      6      65536  2097152  2097152  32     32     0      -             -          -      0       0      0        0        0       0       0        0       -      0      0      0      0      0      0      0      0      1      0      0      0      0      0      0      0      0      0      0      5      0      0      0      0      0      0      0      0      0      0      0      0      0      0      0      0      0      0      0      0      0      0     
0x7b200527db10           FSETP.NEU.AND P4, PT, R55, RZ, PT                           20     4      20     65536  2097152  2097152  32     32     0      -             -          -      0       0      0        0        0       0       0        0       -      0      0      0      0      0      0      0      0      2      0      0      0      0      7      0      0      0      0      7      2      0      0      0      2      0      0      2      0      0      0      0      2      0      0      0      0      0      0      0      0      0      0     
0x7b200527db20           FMUL R3, R14, R5                                            199    169    199    65536  2097152  2097152  32     32     0      -             -          -      0       0      0        0        0       0       0        0       -      0      0      0      0      0      0      0      0      0      0      0      0      0      0      0      0      0      0      0      1      198    0      0      0      0      0      0      0      0      0      0      0      0      0      0      0      0      0      169    0      0      0     
0x7b200527db30           FMUL R5, R14, R9                                            4      0      4      65536  2097152  2097152  32     32     0      -             -          -      0       0      0        0        0       0       0        0       -      0      0      0      0      0      0      0      0      0      0      0      0      0      0      0      0      0      0      0      4      0      0      0      0      0      0      0      0      0      0      0      0      0      0      0      0      0      0      0      0      0      0     
0x7b200527db40           FMUL R2, R7, R12                                            5      0      5      65536  2097152  2097152  32     32     0      -             -          -      0       0      0        0        0       0       0        0       -      0      0      0      0      0      0      0      0      0      0      0      0      0      0      0      0      0      0      0      5      0      0      0      0      0      0      0      0      0      0      0      0      0      0      0      0      0      0      0      0      0      0     
0x7b200527db50           I2FP.F32.S32 R9, R26                                        5      0      5      65536  2097152  2097152  32     32     0      -             -          -      0       0      0        0        0       0       0        0       -      0      0      0      0      0      0      0      0      0      0      0      0      0      0      0      0      0      0      0      5      0      0      0      0      0      0      0      0      0      0      0      0      0      0      0      0      0      0      0      0      0      0     
0x7b200527db60           FMUL R26, R7, R25                                           4      0      4      65536  2097152  2097152  32     32     0      -             -          -      0       0      0        0        0       0       0        0       -      0      0      0      0      0      0      0      0      0      0      0      0      0      0      0      0      0      0      0      4      0      0      0      0      0      0      0      0      0      0      0      0      0      0      0      0      0      0      0      0      0      0     
0x7b200527db70           FMUL R31, R28, R31                                          4      0      4      65536  2097152  2097152  32     32     0      -             -          -      0       0      0        0        0       0       0        0       -      0      0      0      0      0      0      0      0      0      0      0      0      0      0      0      0      0      0      0      4      0      0      0      0      0      0      0      0      0      0      0      0      0      0      0      0      0      0      0      0      0      0     
0x7b200527db80           STS.64 [R59+0x400], R4                                      3      0      3      65536  2097152  2097152  32     32     0      Shared        Store      64     0       2      0        131072   131072  0       0        0       -      0      0      0      0      0      0      0      0      0      0      0      0      0      0      0      0      0      1      0      2      0      0      0      0      0      0      0      0      0      0      0      0      0      0      0      0      0      0      0      0      0      0     
0x7b200527db90           IMAD R64, R30, 0x10, R64                                    3      0      3      65536  2097152  2097152  32     32     0      -             -          -      0       0      0        0        0       0       0        0       -      0      0      0      0      0      0      0      0      0      0      0      0      0      0      0      0      0      0      0      3      0      0      0      0      0      0      0      0      0      0      0      0      0      0      0      0      0      0      0      0      0      0     
0x7b200527dba0           FFMA.FTZ R9, R9, 1.1920928955078125e-07, R20                3      0      3      65536  2097152  2097152  32     32     0      -             -          -      0       0      0        0        0       0       0        0       -      0      0      0      0      0      0      0      0      0      0      0      0      0      0      0      0      0      0      0      3      0      0      0      0      0      0      0      0      0      0      0      0      0      0      0      0      0      0      0      0      0      0     
0x7b200527dbb0           FMUL R20, R7, R13                                           6      0      6      65536  2097152  2097152  32     32     0      -             -          -      0       0      0        0        0       0       0        0       -      0      0      0      0      0      0      0      0      0      0      0      0      0      0      0      0      0      0      0      6      0      0      0      0      0      0      0      0      0      0      0      0      0      0      0      0      0      0      0      0      0      0     
0x7b200527dbc0           STS.64 [R59+0x200], R2                                      23     17     23     65536  2097152  2097152  32     32     0      Shared        Store      64     0       2      0        131072   131072  0       0        0       -      0      0      0      0      0      0      0      0      0      0      0      0      0      0      0      20     0      0      0      3      0      0      0      0      0      0      0      0      0      0      0      0      0      17     0      0      0      0      0      0      0      0     
0x7b200527dbd0           FFMA.FTZ R28, R28, R31, R28                                 3      0      3      65536  2097152  2097152  32     32     0      -             -          -      0       0      0        0        0       0       0        0       -      0      0      0      0      0      0      0      0      0      0      0      0      0      0      0      0      0      0      0      3      0      0      0      0      0      0      0      0      0      0      0      0      0      0      0      0      0      0      0      0      0      0     
0x7b200527dbe0           FSEL R11, R11, -INF , P5                                    4      0      4      65536  2097152  2097152  32     32     0      -             -          -      0       0      0        0        0       0       0        0       -      0      0      0      0      0      0      0      0      0      0      0      0      0      0      0      0      0      0      0      4      0      0      0      0      0      0      0      0      0      0      0      0      0      0      0      0      0      0      0      0      0      0     
0x7b200527dbf0           LOP3.LUT R34, R67, 0x7f, RZ, 0xc0, !PT                      14     4      14     65536  2097152  2097152  32     32     0      -             -          -      0       0      0        0        0       0       0        0       -      0      0      0      0      0      0      0      0      2      0      0      0      0      2      0      0      0      0      2      3      0      0      0      5      0      0      0      0      0      0      0      1      0      0      0      0      0      0      0      0      0      3     
0x7b200527dc00           FFMA.FTZ R9, R9, 0.69314718246459960938, R28                2      0      2      65536  2097152  2097152  32     32     0      -             -          -      0       0      0        0        0       0       0        0       -      0      0      0      0      0      0      0      0      0      0      0      0      0      0      0      0      0      0      0      2      0      0      0      0      0      0      0      0      0      0      0      0      0      0      0      0      0      0      0      0      0      0     
0x7b200527dc10           LOP3.LUT R32, R67, 0xf, RZ, 0xc0, !PT                       4      0      4      65536  2097152  2097152  32     32     0      -             -          -      0       0      0        0        0       0       0        0       -      0      0      0      0      0      0      0      0      0      0      0      0      0      0      0      0      0      0      0      4      0      0      0      0      0      0      0      0      0      0      0      0      0      0      0      0      0      0      0      0      0      0     
0x7b200527dc20           FFMA R8, R8, 0.69314718246459960938, R11                    0      0      0      65536  2097152  2097152  32     32     0      -             -          -      0       0      0        0        0       0       0        0       -      0      0      0      0      0      0      0      0      0      0      0      0      0      0      0      0      0      0      0      0      0      0      0      0      0      0      0      0      0      0      0      0      0      0      0      0      0      0      0      0      0      0     
0x7b200527dc30     @P1   IMAD.MOV.U32 R4, RZ, RZ, 0x7f800000                         117    93     117    65536  2097152  0        32     0      0      -             -          -      0       0      0        0        0       0       0        0       -      0      0      0      0      0      0      0      0      0      0      0      0      0      1      0      0      0      0      2      4      110    0      0      0      0      0      0      0      0      0      0      1      0      0      0      0      0      0      92     0      0      0     
0x7b200527dc40           LOP3.LUT R5, R64, 0x48, RZ, 0x3c, !PT                       2      0      2      65536  2097152  2097152  32     32     0      -             -          -      0       0      0        0        0       0       0        0       -      0      0      0      0      0      0      0      0      1      0      0      0      0      0      0      0      0      0      0      1      0      0      0      0      0      0      0      0      0      0      0      0      0      0      0      0      0      0      0      0      0      0     
0x7b200527dc50           FMUL R3, R14, R18                                           53     30     53     65536  2097152  2097152  32     32     0      -             -          -      0       0      0        0        0       0       0        0       -      0      0      0      0      0      0      0      0      4      0      0      0      0      0      0      0      0      0      5      1      43     0      0      0      0      0      0      0      0      0      0      0      0      0      0      0      0      0      30     0      0      0     
0x7b200527dc60           FMUL R2, R7, R16                                            0      0      0      65536  2097152  2097152  32     32     0      -             -          -      0       0      0        0        0       0       0        0       -      0      0      0      0      0      0      0      0      0      0      0      0      0      0      0      0      0      0      0      0      0      0      0      0      0      0      0      0      0      0      0      0      0      0      0      0      0      0      0      0      0      0     
0x7b200527dc70           FMUL R18, R7, R17                                           1      0      1      65536  2097152  2097152  32     32     0      -             -          -      0       0      0        0        0       0       0        0       -      0      0      0      0      0      0      0      0      1      0      0      0      0      0      0      0      0      0      0      0      0      0      0      0      0      0      0      0      0      0      0      0      0      0      0      0      0      0      0      0      0      0     
0x7b200527dc80     @P1   FFMA.FTZ R9, R55, R4, +INF                                  11     0      11     65536  2097152  0        32     0      0      -             -          -      0       0      0        0        0       0       0        0       -      0      0      0      0      0      0      0      0      1      0      0      0      0      0      0      0      0      0      0      10     0      0      0      0      0      0      0      0      0      0      0      0      0      0      0      0      0      0      0      0      0      0     
0x7b200527dc90           LOP3.LUT R4, R64, 0x40, RZ, 0x3c, !PT                       0      0      0      65536  2097152  2097152  32     32     0      -             -          -      0       0      0        0        0       0       0        0       -      0      0      0      0      0      0      0      0      0      0      0      0      0      0      0      0      0      0      0      0      0      0      0      0      0      0      0      0      0      0      0      0      0      0      0      0      0      0      0      0      0      0     
0x7b200527dca0           STS.64 [R59+0x600], R2                                      20     12     20     65536  2097152  2097152  32     32     0      Shared        Store      64     0       2      0        131072   131072  0       0        0       -      0      0      0      0      0      0      0      0      0      0      0      0      0      0      0      11     0      0      2      3      0      0      0      4      0      0      0      0      0      0      0      0      0      10     0      0      0      0      0      0      0      2     
0x7b200527dcb0           LOP3.LUT R7, R6, 0x1, RZ, 0x3c, !PT                         8      0      8      65536  2097152  2097152  32     32     0      -             -          -      0       0      0        0        0       0       0        0       -      0      0      0      0      0      0      0      0      0      0      0      0      0      0      0      0      0      0      0      8      0      0      0      0      0      0      0      0      0      0      0      0      0      0      0      0      0      0      0      0      0      0     
0x7b200527dcc0           FSEL R9, R9, -INF , P4                                      16     10     16     65536  2097152  2097152  32     32     0      -             -          -      0       0      0        0        0       0       0        0       -      0      0      0      0      0      0      0      0      1      0      0      0      0      1      0      0      0      0      1      4      0      0      0      9      0      0      1      0      0      0      0      1      0      0      0      0      0      0      0      0      0      8     
0x7b200527dcd0           STS.64 [R0], R22                                            23     22     23     65536  2097152  2097152  32     32     0      Shared        Store      64     0       2      0        131072   131072  0       0        0       -      0      0      0      0      0      0      0      0      1      0      0      0      0      0      0      22     0      0      0      0      0      0      0      0      0      0      0      0      0      0      0      0      0      22     0      0      0      0      0      0      0      0     
0x7b200527dce0           LOP3.LUT P1, RZ, R67, 0x8, RZ, 0xc0, !PT                    2      0      2      65536  2097152  2097152  32     32     0      -             -          -      0       0      0        0        0       0       0        0       -      0      0      0      0      0      0      0      0      0      0      0      0      0      0      0      0      0      0      0      2      0      0      0      0      0      0      0      0      0      0      0      0      0      0      0      0      0      0      0      0      0      0     
0x7b200527dcf0           STS.64 [R0+0x200], R20                                      47     24     47     65536  2097152  2097152  32     32     0      Shared        Store      64     0       2      0        131072   131072  0       0        0       -      0      0      0      0      0      0      0      0      0      0      0      0      0      0      0      23     0      0      6      9      0      0      0      9      0      0      0      0      0      0      0      0      0      19     0      0      0      0      0      0      0      5     
0x7b200527dd00           FFMA R9, R10, 0.69314718246459960938, R9                    4      0      4      65536  2097152  2097152  32     32     0      -             -          -      0       0      0        0        0       0       0        0       -      0      0      0      0      0      0      0      0      1      0      0      0      0      0      0      0      0      0      0      3      0      0      0      0      0      0      0      0      0      0      0      0      0      0      0      0      0      0      0      0      0      0     
0x7b200527dd10           STS.64 [R0+0x400], R26                                      41     30     41     65536  2097152  2097152  32     32     0      Shared        Store      64     0       2      0        131072   131072  0       0        0       -      0      0      0      0      0      0      0      0      2      0      0      0      0      0      0      30     0      0      2      2      0      0      0      5      0      0      0      0      0      0      0      0      0      27     0      0      0      0      0      0      0      3     
0x7b200527dd20           LOP3.LUT R2, R64, 0x8, RZ, 0x3c, !PT                        57     43     57     65536  2097152  2097152  32     32     0      -             -          -      0       0      0        0        0       0       0        0       -      0      0      0      0      0      0      0      0      0      0      0      0      0      1      0      0      0      0      1      4      51     0      0      0      0      0      0      0      0      0      0      0      0      0      0      0      0      0      43     0      0      0     
0x7b200527dd30           FSEL R3, R8, R9, !P0                                        19     4      19     65536  2097152  2097152  32     32     0      -             -          -      0       0      0        0        0       0       0        0       -      0      0      0      0      0      0      0      0      1      0      0      0      0      4      0      0      0      0      3      8      0      0      0      3      0      0      0      0      0      0      0      3      0      0      0      0      0      0      0      0      0      1     
0x7b200527dd40           STS.64 [R0+0x600], R18                                      28     21     28     65536  2097152  2097152  32     32     0      Shared        Store      64     0       2      0        131072   131072  0       0        0       -      0      0      0      0      0      0      0      0      0      0      0      0      0      0      0      23     0      0      0      5      0      0      0      0      0      0      0      0      0      0      0      0      0      21     0      0      0      0      0      0      0      0     
0x7b200527dd50           FSEL R8, R9, R8, !P0                                        3      0      3      65536  2097152  2097152  32     32     0      -             -          -      0       0      0        0        0       0       0        0       -      0      0      0      0      0      0      0      0      0      0      0      0      0      0      0      0      0      0      0      3      0      0      0      0      0      0      0      0      0      0      0      0      0      0      0      0      0      0      0      0      0      0     
0x7b200527dd60           IMAD.U32 R9, RZ, RZ, UR5                                    2      0      2      65536  2097152  2097152  32     32     0      -             -          -      0       0      0        0        0       0       0        0       -      0      0      0      0      0      0      0      0      0      0      0      0      0      0      0      0      0      0      0      2      0      0      0      0      0      0      0      0      0      0      0      0      0      0      0      0      0      0      0      0      0      0     
0x7b200527dd70           BAR.SYNC.DEFER_BLOCKING 0x0                                 36     19     36     65536  2097152  2097152  32     32     0      -             -          -      0       0      0        0        0       0       0        0       -      0      0      0      0      0      0      0      0      2      0      0      0      0      0      0      22     0      0      2      6      0      0      0      4      0      0      1      0      0      0      0      0      0      17     0      0      0      0      0      0      0      1     
0x7b200527dd80           ISETP.GE.U32.AND P0, PT, R32, 0x4, PT                       4      0      4      65536  2097152  2097152  32     32     0      -             -          -      0       0      0        0        0       0       0        0       -      0      0      0      0      0      0      0      0      0      0      0      0      0      0      0      0      0      0      0      4      0      0      0      0      0      0      0      0      0      0      0      0      0      0      0      0      0      0      0      0      0      0     
0x7b200527dd90           ISETP.EQ.U32.AND P0, PT, R30, RZ, !P0                       20     9      20     65536  2097152  2097152  32     32     0      -             -          -      0       0      0        0        0       0       0        0       -      0      0      0      0      0      0      0      0      0      0      0      0      0      5      0      0      0      0      3      1      0      0      0      11     0      0      0      0      0      0      0      3      0      0      0      0      0      0      0      0      0      6     
0x7b200527dda0           SHFL.IDX PT, R10, R3, R6, 0x1f                              379    278    379    65536  2097152  2097152  32     32     0      -             -          -      0       0      0        0        0       0       0        0       -      0      0      0      0      0      0      340    0      1      0      0      0      0      0      0      32     0      0      3      3      0      0      0      0      247    0      0      0      0      0      0      0      0      31     0      0      0      0      0      0      0      0     
0x7b200527ddb0           IADD3 R0, R32, UR10, RZ                                     5      0      5      65536  2097152  2097152  32     32     0      -             -          -      0       0      0        0        0       0       0        0       -      0      0      0      0      0      0      0      0      0      0      0      0      0      0      0      0      0      0      0      5      0      0      0      0      0      0      0      0      0      0      0      0      0      0      0      0      0      0      0      0      0      0     
0x7b200527ddc0           SHFL.IDX PT, R11, R8, R7, 0x1f                              43     31     43     65536  2097152  2097152  32     32     0      -             -          -      0       0      0        0        0       0       0        0       -      0      0      0      0      0      0      0      0      0      0      0      0      0      0      0      32     0      0      1      3      0      0      0      7      0      0      0      0      0      0      0      0      0      27     0      0      0      0      0      0      0      4     
0x7b200527ddd0           IADD3 R3, R34, UR5, RZ                                      178    143    178    65536  2097152  2097152  32     32     0      -             -          -      0       0      0        0        0       0       0        0       -      0      0      0      0      0      0      0      0      0      0      0      0      0      7      0      0      0      0      1      1      169    0      0      0      0      0      0      0      0      0      0      3      0      0      0      0      0      0      140    0      0      0     
0x7b200527dde0           IMAD R7, R0, c[0x0][0x1b4], R9                              90     62     90     65536  2097152  2097152  32     32     0      -             -          -      0       0      0        0        0       0       0        0       -      0      0      0      0      0      0      0      0      0      0      0      0      0      1      0      0      0      0      3      4      82     0      0      0      0      0      0      0      0      0      0      0      0      0      0      0      0      0      62     0      0      0     
0x7b200527ddf0           IADD3 R12, R3, UR6, RZ                                      29     7      29     65536  2097152  2097152  32     32     0      -             -          -      0       0      0        0        0       0       0        0       -      0      0      0      0      0      0      0      0      0      0      0      0      0      6      0      0      0      0      10     1      0      0      0      12     0      0      0      0      0      0      0      2      0      0      0      0      0      0      0      0      0      5     
0x7b200527de00           IADD3 R0, R3, UR4, RZ                                       6      0      6      65536  2097152  2097152  32     32     0      -             -          -      0       0      0        0        0       0       0        0       -      0      0      0      0      0      0      0      0      0      0      0      0      0      1      0      0      0      0      1      2      0      0      0      2      0      0      0      0      0      0      0      0      0      0      0      0      0      0      0      0      0      0     
0x7b200527de10           LDS R13, [R64]                                              37     29     37     65536  2097152  2097152  32     32     0      Shared        Load       32     0       2      65536    131072   65536   0       0        0       -      0      0      0      0      0      0      0      0      0      0      0      0      0      0      0      35     0      0      1      1      0      0      0      0      0      0      0      0      0      0      0      0      0      29     0      0      0      0      0      0      0      0     
0x7b200527de20           LDS R15, [R2+0x800]                                         58     46     58     65536  2097152  2097152  32     32     0      Shared        Load       32     0       2      65536    131072   65536   0       0        0       -      0      0      0      0      0      0      0      0      0      0      0      0      0      0      0      35     0      0      1      6      0      0      0      16     0      0      0      0      0      0      0      0      0      34     0      0      0      0      0      0      0      12    
0x7b200527de30           LDS R17, [R4+0x1000]                                        62     43     62     65536  2097152  2097152  32     32     0      Shared        Load       32     0       2      65536    131072   65536   0       0        0       -      0      0      0      0      0      0      0      0      1      0      0      0      0      0      0      42     0      0      1      5      0      0      0      13     0      0      0      0      0      0      0      0      0      38     0      0      0      0      0      0      0      5     
0x7b200527de40           SEL R21, R10, R11, !P1                                      16     9      16     65536  2097152  2097152  32     32     0      -             -          -      0       0      0        0        0       0       0        0       -      0      0      0      0      0      0      0      0      0      0      0      0      0      1      0      0      0      0      1      3      11     0      0      0      0      0      0      0      0      0      0      1      0      0      0      0      0      0      8      0      0      0     
0x7b200527de50           LDS R19, [R5+0x1800]                                        59     50     59     65536  2097152  2097152  32     32     0      Shared        Load       32     0       2      65536    131072   65536   0       0        0       -      0      0      0      0      0      0      0      0      0      0      0      0      0      0      0      48     0      0      0      1      0      0      0      10     0      0      0      0      0      0      0      0      0      44     0      0      0      0      0      0      0      6     
0x7b200527de60           IMAD.U32 R2, RZ, RZ, UR10                                   132    102    132    65536  2097152  2097152  32     32     0      -             -          -      0       0      0        0        0       0       0        0       -      0      0      0      0      0      0      0      0      0      0      0      0      0      0      0      0      0      0      2      3      127    0      0      0      0      0      0      0      0      0      0      0      0      0      0      0      0      0      102    0      0      0     
0x7b200527de70           LEA R6, P1, R0, c[0x0][0x198], 0x2                          1      0      1      65536  2097152  2097152  32     32     0      -             -          -      0       0      0        0        0       0       0        0       -      0      0      0      0      0      0      0      0      0      0      0      0      0      0      0      0      0      0      0      1      0      0      0      0      0      0      0      0      0      0      0      0      0      0      0      0      0      0      0      0      0      0     
0x7b200527de80           IMAD.U32 R4, RZ, RZ, UR4                                    63     49     63     65536  2097152  2097152  32     32     0      -             -          -      0       0      0        0        0       0       0        0       -      0      0      0      0      0      0      0      0      0      0      0      0      0      0      0      0      0      0      0      1      62     0      0      0      0      0      0      0      0      0      0      0      0      0      0      0      0      0      49     0      0      0     
0x7b200527de90           IADD3 R11, R7, 0x80, RZ                                     4      0      4      65536  2097152  2097152  32     32     0      -             -          -      0       0      0        0        0       0       0        0       -      0      0      0      0      0      0      0      0      0      0      0      0      0      0      0      0      0      0      0      4      0      0      0      0      0      0      0      0      0      0      0      0      0      0      0      0      0      0      0      0      0      0     
0x7b200527dea0           LEA.HI.X.SX32 R7, R0, c[0x0][0x19c], 0x2, P1                10     3      10     65536  2097152  2097152  32     32     0      -             -          -      0       0      0        0        0       0       0        0       -      0      0      0      0      0      0      0      0      0      0      0      0      0      2      0      0      0      0      2      1      0      0      0      5      0      0      0      0      0      0      0      2      0      0      0      0      0      0      0      0      0      1     
0x7b200527deb0           IMAD R5, R2, c[0x0][0x1b4], R3                              73     58     73     65536  2097152  2097152  32     32     0      -             -          -      0       0      0        0        0       0       0        0       -      0      0      0      0      0      0      0      0      0      0      0      0      0      0      0      0      0      0      3      3      67     0      0      0      0      0      0      0      0      0      0      0      0      0      0      0      0      0      58     0      0      0     
0x7b200527dec0           IADD3 R9, R3, c[0x0][0x1b4], R4                             3      0      3      65536  2097152  2097152  32     32     0      -             -          -      0       0      0        0        0       0       0        0       -      0      0      0      0      0      0      0      0      0      0      0      0      0      0      0      0      0      0      0      3      0      0      0      0      0      0      0      0      0      0      0      0      0      0      0      0      0      0      0      0      0      0     
0x7b200527ded0           LEA R4, P3, R12, c[0x0][0x198], 0x2                         12     3      12     65536  2097152  2097152  32     32     0      -             -          -      0       0      0        0        0       0       0        0       -      0      0      0      0      0      0      0      0      0      0      0      0      0      1      0      0      0      0      1      6      0      0      0      4      0      0      0      0      0      0      0      1      0      0      0      0      0      0      0      0      0      2     
0x7b200527dee0           LEA R2, P2, R5, c[0x0][0x198], 0x2                          12     4      12     65536  2097152  2097152  32     32     0      -             -          -      0       0      0        0        0       0       0        0       -      0      0      0      0      0      0      0      0      0      0      0      0      0      3      0      0      0      0      4      2      0      0      0      3      0      0      0      0      0      0      0      2      0      0      0      0      0      0      0      0      0      2     
0x7b200527def0           LEA R10, P1, R11, c[0x0][0x198], 0x2                        9      1      9      65536  2097152  2097152  32     32     0      -             -          -      0       0      0        0        0       0       0        0       -      0      0      0      0      0      0      0      0      1      0      0      0      0      0      0      0      0      0      0      7      0      0      0      1      0      0      0      0      0      0      0      0      0      0      0      0      0      0      0      0      0      1     
0x7b200527df00           LEA.HI.X.SX32 R3, R5, c[0x0][0x19c], 0x2, P2                6      4      6      65536  2097152  2097152  32     32     0      -             -          -      0       0      0        0        0       0       0        0       -      0      0      0      0      0      0      0      0      0      0      0      0      0      0      0      0      0      0      0      1      0      0      0      5      0      0      0      0      0      0      0      0      0      0      0      0      0      0      0      0      0      4     
0x7b200527df10           LEA R8, P2, R9, c[0x0][0x198], 0x2                          11     5      11     65536  2097152  2097152  32     32     0      -             -          -      0       0      0        0        0       0       0        0       -      0      0      0      0      0      0      0      0      1      0      0      0      0      0      0      0      0      0      0      4      0      0      0      6      0      0      0      0      0      0      0      0      0      0      0      0      0      0      0      0      0      5     
0x7b200527df20           LEA.HI.X.SX32 R5, R12, c[0x0][0x19c], 0x2, P3               3      1      3      65536  2097152  2097152  32     32     0      -             -          -      0       0      0        0        0       0       0        0       -      0      0      0      0      0      0      0      0      0      0      0      0      0      0      0      0      0      0      0      1      0      0      0      2      0      0      0      0      0      0      0      0      0      0      0      0      0      0      0      0      0      1     
0x7b200527df30           LEA.HI.X.SX32 R9, R9, c[0x0][0x19c], 0x2, P2                10     6      10     65536  2097152  2097152  32     32     0      -             -          -      0       0      0        0        0       0       0        0       -      0      0      0      0      0      0      0      0      2      0      0      0      0      0      0      0      0      0      1      2      0      0      0      5      0      0      2      0      0      0      0      0      0      0      0      0      0      0      0      0      0      4     
0x7b200527df40           LEA.HI.X.SX32 R11, R11, c[0x0][0x19c], 0x2, P1              5      3      5      65536  2097152  2097152  32     32     0      -             -          -      0       0      0        0        0       0       0        0       -      0      0      0      0      0      0      0      0      0      0      0      0      0      0      0      0      0      0      0      2      0      0      0      3      0      0      0      0      0      0      0      0      0      0      0      0      0      0      0      0      0      3     
0x7b200527df50           STG.E [R2.64], R13                                          70     64     70     65536  2097152  2097152  32     32     0      Global        Store      32     129024  0      0        0        0       57344   319488   262144         0      0      0      0      0      0      0      0      0      0      0      33     0      0      0      35     0      0      0      2      0      0      0      0      0      0      0      0      0      32     0      0      0      32     0      0      0      0      0      0      0      0     
0x7b200527df60           STG.E [R4.64], R15                                          111    97     111    65536  2097152  2097152  32     32     0      Global        Store      32     129024  0      0        0        0       57344   319488   262144         0      0      0      0      0      0      0      0      0      0      0      25     0      0      0      44     0      0      2      4      25     0      0      11     0      0      0      0      0      24     0      0      0      44     0      0      0      0      21     0      0      8     
0x7b200527df70           STG.E [R6.64], R17                                          91     81     91     65536  2097152  2097152  32     32     0      Global        Store      32     129024  0      0        0        0       57344   319488   262144         0      0      0      0      0      0      0      0      0      0      0      29     0      0      0      52     0      0      0      3      0      0      0      7      0      0      0      0      0      26     0      0      0      48     0      0      0      0      0      0      0      7     
0x7b200527df80           STG.E [R8.64], R19                                          94     82     94     65536  2097152  2097152  32     32     0      Global        Store      32     129024  0      0        0        0       57344   319488   262144         0      0      0      0      0      0      0      0      1      0      0      28     0      0      0      53     0      0      0      1      0      0      0      11     0      0      0      0      0      27     0      0      0      51     0      0      0      0      0      0      0      4     
0x7b200527df90     @!P0  EXIT                                                        3      0      3      65536  2097152  2031616  32     31     0      -             -          -      0       0      0        0        0       0       0        0       -      0      0      0      0      0      0      0      0      0      0      0      0      0      0      0      0      0      0      0      3      0      0      0      0      0      0      0      0      0      0      0      0      0      0      0      0      0      0      0      0      0      0     
0x7b200527dfa0           STG.E [R10.64], R21                                         444    369    444    16384  65536    65536    4      4      0      Global        Store      32     65536   0      0        0        0       49152   65536    16384          0      0      0      0      0      0      0      22     0      385    0      7      0      0      0      9      0      0      0      5      0      0      0      16     0      16     0      328    0      6      0      0      0      6      0      0      0      0      0      0      0      13    
0x7b200527dfb0           EXIT                                                        1      0      1      16384  65536    65536    4      4      0      -             -          -      0       0      0        0        0       0       0        0       -      0      0      0      0      0      0      0      0      0      0      0      0      0      0      0      0      0      0      0      1      0      0      0      0      0      0      0      0      0      0      0      0      0      0      0      0      0      0      0      0      0      0     
0x7b200527dfc0           BRA 0x7b200527dfc0                                          158    122    158    0      0        0        0      0      0      -             -          -      0       0      0        0        0       0       0        0       -      0      0      0      0      0      0      0      6      0      148    0      0      0      0      0      0      0      0      0      1      0      0      0      3      0      4      0      117    0      0      0      0      0      0      0      0      0      0      0      0      0      1     
0x7b200527dfd0           NOP                                                         0      0      0      0      0        0        0      0      0      -             -          -      0       0      0        0        0       0       0        0       -      0      0      0      0      0      0      0      0      0      0      0      0      0      0      0      0      0      0      0      0      0      0      0      0      0      0      0      0      0      0      0      0      0      0      0      0      0      0      0      0      0      0     
0x7b200527dfe0           NOP                                                         0      0      0      0      0        0        0      0      0      -             -          -      0       0      0        0        0       0       0        0       -      0      0      0      0      0      0      0      0      0      0      0      0      0      0      0      0      0      0      0      0      0      0      0      0      0      0      0      0      0      0      0      0      0      0      0      0      0      0      0      0      0      0     
0x7b200527dff0           NOP                                                         0      0      0      0      0        0        0      0      0      -             -          -      0       0      0        0        0       0       0        0       -      0      0      0      0      0      0      0      0      0      0      0      0      0      0      0      0      0      0      0      0      0      0      0      0      0      0      0      0      0      0      0      0      0      0      0      0      0      0      0      0      0      0     
0x7b200527e000           NOP                                                         0      0      0      0      0        0        0      0      0      -             -          -      0       0      0        0        0       0       0        0       -      0      0      0      0      0      0      0      0      0      0      0      0      0      0      0      0      0      0      0      0      0      0      0      0      0      0      0      0      0      0      0      0      0      0      0      0      0      0      0      0      0      0     
0x7b200527e010           NOP                                                         0      0      0      0      0        0        0      0      0      -             -          -      0       0      0        0        0       0       0        0       -      0      0      0      0      0      0      0      0      0      0      0      0      0      0      0      0      0      0      0      0      0      0      0      0      0      0      0      0      0      0      0      0      0      0      0      0      0      0      0      0      0      0     
0x7b200527e020           NOP                                                         0      0      0      0      0        0        0      0      0      -             -          -      0       0      0        0        0       0       0        0       -      0      0      0      0      0      0      0      0      0      0      0      0      0      0      0      0      0      0      0      0      0      0      0      0      0      0      0      0      0      0      0      0      0      0      0      0      0      0      0      0      0      0     
0x7b200527e030           NOP                                                         0      0      0      0      0        0        0      0      0      -             -          -      0       0      0        0        0       0       0        0       -      0      0      0      0      0      0      0      0      0      0      0      0      0      0      0      0      0      0      0      0      0      0      0      0      0      0      0      0      0      0      0      0      0      0      0      0      0      0      0      0      0      0     
0x7b200527e040           NOP                                                         0      0      0      0      0        0        0      0      0      -             -          -      0       0      0        0        0       0       0        0       -      0      0      0      0      0      0      0      0      0      0      0      0      0      0      0      0      0      0      0      0      0      0      0      0      0      0      0      0      0      0      0      0      0      0      0      0      0      0      0      0      0      0     
0x7b200527e050           NOP                                                         0      0      0      0      0        0        0      0      0      -             -          -      0       0      0        0        0       0       0        0       -      0      0      0      0      0      0      0      0      0      0      0      0      0      0      0      0      0      0      0      0      0      0      0      0      0      0      0      0      0      0      0      0      0      0      0      0      0      0      0      0      0      0     
0x7b200527e060           NOP                                                         0      0      0      0      0        0        0      0      0      -             -          -      0       0      0        0        0       0       0        0       -      0      0      0      0      0      0      0      0      0      0      0      0      0      0      0      0      0      0      0      0      0      0      0      0      0      0      0      0      0      0      0      0      0      0      0      0      0      0      0      0      0      0     
0x7b200527e070           NOP                                                         0      0      0      0      0        0        0      0      0      -             -          -      0       0      0        0        0       0       0        0       -      0      0      0      0      0      0      0      0      0      0      0      0      0      0      0      0      0      0      0      0      0      0      0      0      0      0      0      0      0      0      0      0      0      0      0      0      0      0      0      0      0      0     
